"Total_ARGs"	"blaZ"	"mecA"	"mecC"	"Category"	"Genome"
8	"0"	"0"	0	"MSSA"	"GCA_000009005.1_ASM900v1"
12	"100.00"	"100.00"	0	"MRSA"	"GCA_000009585.1_ASM958v1"
15	"100.00"	"100.00"	0	"MRSA"	"GCA_000009645.1_ASM964v1"
17	"0"	"100.00"	0	"MRSA"	"GCA_000009665.1_ASM966v1"
15	"0"	"100.00"	0	"MRSA"	"GCA_000010445.1_ASM1044v1"
9	"0"	"0"	0	"MSSA"	"GCA_000010465.1_ASM1046v1"
9	"0"	"100.00"	0	"MRSA"	"GCA_000011265.1_ASM1126v1"
15	"100.00"	"100.00"	0	"MRSA"	"GCA_000011505.1_ASM1150v1"
10	"100.00"	"0"	0	"MRSA"	"GCA_000011525.1_ASM1152v1"
11	"0"	"100.00"	0	"MRSA"	"GCA_000012045.1_ASM1204v1"
9	"0"	"0"	0	"MSSA"	"GCA_000013425.1_ASM1342v1"
13	"0"	"100.00"	0	"MRSA"	"GCA_000013465.1_ASM1346v1"
15	"100.00"	"100.00"	0	"MRSA"	"GCA_000016805.1_ASM1680v1"
15	"100.00"	"100.00"	0	"MRSA"	"GCA_000017085.1_ASM1708v1"
10	"0"	"0"	0	"MSSA"	"GCA_000024585.1_ASM2458v1"
14	"0"	"100.00"	0	"MRSA"	"GCA_000025145.2_ASM2514v1"
20	"100.00"	"100.00"	0	"MRSA"	"GCA_000027045.1_ASM2704v1"
10	"100.00"	"100.00"	0	"MRSA"	"GCA_000144955.2_ASM14495v2"
19	"100.00"	"100.00"	0	"MRSA"	"GCA_000145595.1_ASM14559v1"
11	"100.00"	"100.00"	0	"MRSA"	"GCA_000159535.2_ASM15953v2"
10	"100.00"	"0"	0	"MRSA"	"GCA_000160335.2_ASM16033v2"
8	"0"	"0"	0	"MSSA"	"GCA_000189435.3_ASM18943v3"
8	"0"	"0"	0	"MSSA"	"GCA_000189455.3_ASM18945v3"
15	"99.88"	"100.00"	0	"MRSA"	"GCA_000204665.1_ASM20466v1"
9	"0"	"0"	0	"MSSA"	"GCA_000210315.1_ASM21031v1"
10	"0"	"100.00"	0	"MRSA"	"GCA_000237125.3_ASM23712v3"
10	"0"	"0"	100	"MRSA"	"GCA_000237265.1_ASM23726v1"
15	"100.00;100.00"	"100.00"	0	"MRSA"	"GCA_000239235.1_ASM23923v1"
10	"0"	"0"	0	"MSSA"	"GCA_000245495.1_ASM24549v1"
12	"100.00"	"0"	0	"MRSA"	"GCA_000253135.1_ASM25313v1"
10	"100.00"	"100.00"	0	"MRSA"	"GCA_000284535.1_ASM28453v1"
12	"100.00"	"100.00"	0	"MRSA"	"GCA_000296595.1_ASM29659v1"
13	"100.00"	"100.00"	0	"MRSA"	"GCA_000382965.1_ASM38296v1"
13	"0"	"100.00"	0	"MRSA"	"GCA_000382985.1_ASM38298v1"
13	"100.00"	"100.00"	0	"MRSA"	"GCA_000383005.1_ASM38300v1"
14	"100.00"	"100.00"	0	"MRSA"	"GCA_000412775.1_ASM41277v1"
20	"100.00"	"100.00"	0	"MRSA"	"GCA_000418345.1_ASM41834v1"
8	"0"	"0"	0	"MSSA"	"GCA_000452385.2_ASM45238v2"
9	"100.00"	"0"	0	"MRSA"	"GCA_000462955.1_ASM46295v1"
13	"100.00"	"100.00"	0	"MRSA"	"GCA_000463055.1_ASM46305v1"
9	"0"	"100.00"	0	"MRSA"	"GCA_000470845.1_ASM47084v1"
9	"0"	"100.00"	0	"MRSA"	"GCA_000470865.1_ASM47086v1"
20	"100.00"	"100.00"	0	"MRSA"	"GCA_000485885.1_ASM48588v1"
15	"100.00"	"100.00"	0	"MRSA"	"GCA_000568455.1_ASM56845v1"
9	"0"	"0"	0	"MSSA"	"GCA_000597965.1_ASM59796v1"
10	"0"	"100.00"	0	"MRSA"	"GCA_000626615.3_ASM62661v3"
10	"100.00"	"100.00"	0	"MRSA"	"GCA_000695215.1_ASM69521v1"
10	"0"	"100.00"	0	"MRSA"	"GCA_000695875.1_ASM69587v1"
19	"100.00"	"100.00"	0	"MRSA"	"GCA_000709475.1_ASM70947v1"
12	"0"	"100.00"	0	"MRSA"	"GCA_000737615.1_ASM73761v1"
14	"100.00"	"100.00"	0	"MRSA"	"GCA_000746505.1_ASM74650v1"
9	"0"	"0"	0	"MSSA"	"GCA_000756205.1_ASM75620v1"
19	"99.88"	"100.00"	0	"MRSA"	"GCA_000769575.1_ASM76957v1"
11	"100.00"	"0"	0	"MRSA"	"GCA_000772025.1_ASM77202v1"
10	"0"	"100.00"	0	"MRSA"	"GCA_000815045.1_ASM81504v1"
10	"0"	"100.00"	0	"MRSA"	"GCA_000815085.1_ASM81508v1"
10	"0"	"100.00"	0	"MRSA"	"GCA_000815125.1_ASM81512v1"
10	"0"	"100.00"	0	"MRSA"	"GCA_000815165.1_ASM81516v1"
10	"0"	"100.00"	0	"MRSA"	"GCA_000815205.1_ASM81520v1"
10	"0"	"100.00"	0	"MRSA"	"GCA_000815245.1_ASM81524v1"
17	"100.00;100.00"	"100.00"	0	"MRSA"	"GCA_000828035.1_ASM82803v1"
9	"0"	"0"	0	"MSSA"	"GCA_000953255.1_Staphylococcus_aureus_Sa_ILRI_217"
13	"100.00"	"100.00"	0	"MRSA"	"GCA_000967325.1_ASM96732v1"
13	"100.00"	"100.00"	0	"MRSA"	"GCA_000967345.1_ASM96734v1"
13	"100.00"	"100.00"	0	"MRSA"	"GCA_000967365.1_ASM96736v1"
13	"100.00"	"100.00"	0	"MRSA"	"GCA_000967385.1_ASM96738v1"
13	"100.00"	"100.00"	0	"MRSA"	"GCA_000967405.1_ASM96740v1"
13	"0"	"100.00"	0	"MRSA"	"GCA_000969225.1_ASM96922v1"
9	"0"	"0"	0	"MSSA"	"GCA_001018645.2_ASM101864v2"
12	"0"	"0"	0	"MSSA"	"GCA_001018655.2_ASM101865v2"
9	"0"	"0"	0	"MSSA"	"GCA_001018685.2_ASM101868v2"
9	"0"	"0"	0	"MSSA"	"GCA_001018725.2_ASM101872v2"
11	"100.00"	"0"	0	"MRSA"	"GCA_001018735.2_ASM101873v2"
9	"0"	"0"	0	"MSSA"	"GCA_001018775.2_ASM101877v2"
9	"0"	"0"	0	"MSSA"	"GCA_001018805.2_ASM101880v2"
10	"100.00"	"100.00"	0	"MRSA"	"GCA_001018835.2_ASM101883v2"
9	"0"	"0"	0	"MSSA"	"GCA_001018845.2_ASM101884v2"
9	"0"	"0"	0	"MSSA"	"GCA_001018915.2_ASM101891v2"
10	"100.00"	"0"	0	"MRSA"	"GCA_001018975.2_ASM101897v2"
9	"0"	"100.00"	0	"MRSA"	"GCA_001019125.2_ASM101912v2"
12	"100.00"	"100.00"	0	"MRSA"	"GCA_001019205.2_ASM101920v2"
12	"100.00"	"100.00"	0	"MRSA"	"GCA_001019255.2_ASM101925v2"
10	"0"	"0"	0	"MSSA"	"GCA_001019275.2_ASM101927v2"
14	"0"	"100.00"	0	"MRSA"	"GCA_001019305.2_ASM101930v2"
10	"0"	"100.00"	0	"MRSA"	"GCA_001019395.2_ASM101939v2"
9	"0"	"0"	0	"MSSA"	"GCA_001019415.2_ASM101941v2"
15	"0"	"100.00"	0	"MRSA"	"GCA_001019435.2_ASM101943v2"
13	"100.00"	"100.00"	0	"MRSA"	"GCA_001019485.2_ASM101948v2"
15	"0"	"100.00"	0	"MRSA"	"GCA_001019495.2_ASM101949v2"
9	"0"	"100.00"	0	"MRSA"	"GCA_001019535.2_ASM101953v2"
11	"0"	"100.00"	0	"MRSA"	"GCA_001019575.2_ASM101957v2"
11	"100.00"	"100.00"	0	"MRSA"	"GCA_001021875.1_ASM102187v1"
12	"100.00"	"100.00"	0	"MRSA"	"GCA_001021895.1_ASM102189v1"
10	"100.00"	"0"	0	"MRSA"	"GCA_001027045.1_ASM102704v1"
9	"0"	"0"	0	"MSSA"	"GCA_001027105.1_ASM102710v1"
11	"100.00"	"100.00"	0	"MRSA"	"GCA_001045795.2_ASM104579v2"
13	"100.00"	"100.00"	0	"MRSA"	"GCA_001045995.2_ASM104599v2"
14	"100.00"	"100.00"	0	"MRSA"	"GCA_001046095.2_ASM104609v2"
15	"100.00"	"100.00"	0	"MRSA"	"GCA_001183705.3_ASM118370v3"
15	"100.00"	"100.00"	0	"MRSA"	"GCA_001183725.2_ASM118372v2"
18	"0"	"0"	0	"MSSA"	"GCA_001278745.1_ASM127874v1"
10	"100.00"	"0"	0	"MRSA"	"GCA_001281145.1_ASM128114v1"
16	"100.00"	"100.00"	0	"MRSA"	"GCA_001296985.1_ASM129698v1"
16	"100.00;100.00"	"100.00"	0	"MRSA"	"GCA_001298325.2_ASM129832v2"
14	"100.00"	"100.00"	0	"MRSA"	"GCA_001307235.1_ASM130723v1"
10	"100.00"	"0"	0	"MRSA"	"GCA_001444345.1_ASM144434v1"
12	"0"	"100.00"	0	"MRSA"	"GCA_001457495.1_NCTC13435"
13	"100.00"	"100.00"	0	"MRSA"	"GCA_001465635.1_ASM146563v1"
13	"100.00"	"100.00"	0	"MRSA"	"GCA_001465675.1_ASM146567v1"
12	"100.00"	"100.00"	0	"MRSA"	"GCA_001465755.1_ASM146575v1"
20	"100.00"	"100.00"	0	"MRSA"	"GCA_001515665.1_ASM151566v1"
20	"100.00"	"100.00"	0	"MRSA"	"GCA_001515685.1_ASM151568v1"
20	"100.00"	"100.00"	0	"MRSA"	"GCA_001515705.1_ASM151570v1"
19	"100.00"	"100.00"	0	"MRSA"	"GCA_001515745.1_ASM151574v1"
18	"100.00"	"100.00"	0	"MRSA"	"GCA_001515765.1_ASM151576v1"
8	"0"	"0"	0	"MSSA"	"GCA_001548295.1_ASM154829v1"
17	"100.00"	"100.00"	0	"MRSA"	"GCA_001548415.1_ASM154841v1"
12	"100.00"	"100.00"	0	"MRSA"	"GCA_001549655.1_ASM154965v1"
12	"100.00"	"100.00"	0	"MRSA"	"GCA_001549675.1_ASM154967v1"
14	"100.00"	"0"	0	"MRSA"	"GCA_001558795.2_ASM155879v2"
12	"100.00"	"100.00"	0	"MRSA"	"GCA_001580495.1_ASM158049v1"
15	"100.00;100.00;99.17;100.00;98.23"	"100.00"	0	"MRSA"	"GCA_001580515.1_ASM158051v1"
8	"0"	"0"	0	"MSSA"	"GCA_001594205.1_ASM159420v1"
10	"100.00"	"0"	0	"MRSA"	"GCA_001611325.1_ASM161132v1"
9	"0"	"0"	0	"MSSA"	"GCA_001611345.1_ASM161134v1"
10	"100.00"	"0"	0	"MRSA"	"GCA_001611365.1_ASM161136v1"
10	"100.00"	"0"	0	"MRSA"	"GCA_001611385.1_ASM161138v1"
10	"100.00"	"0"	0	"MRSA"	"GCA_001611405.1_ASM161140v1"
10	"100.00"	"0"	0	"MRSA"	"GCA_001611425.1_ASM161142v1"
10	"0"	"100.00"	0	"MRSA"	"GCA_001618305.1_ASM161830v1"
14	"0"	"100.00"	0	"MRSA"	"GCA_001640885.1_ASM164088v1"
16	"100.00"	"100.00"	0	"MRSA"	"GCA_001640905.1_ASM164090v1"
16	"100.00"	"100.00"	0	"MRSA"	"GCA_001640925.1_ASM164092v1"
20	"100.00"	"100.00"	0	"MRSA"	"GCA_001641025.1_ASM164102v1"
20	"100.00"	"100.00"	0	"MRSA"	"GCA_001641045.1_ASM164104v1"
10	"100.00"	"0"	0	"MRSA"	"GCA_001656045.1_ASM165604v1"
8	"0"	"0"	0	"MSSA"	"GCA_001656075.1_ASM165607v1"
15	"100.00"	"100.00"	0	"MRSA"	"GCA_001717645.3_ASM171764v3"
10	"100.00;100.00"	"0"	0	"MRSA"	"GCA_001717665.2_ASM171766v2"
17	"100.00;100.00"	"100.00"	0	"MRSA"	"GCA_001717685.3_ASM171768v3"
15	"100.00"	"100.00"	0	"MRSA"	"GCA_001717705.2_ASM171770v2"
15	"100.00"	"100.00"	0	"MRSA"	"GCA_001717725.2_ASM171772v2"
15	"100.00"	"0"	0	"MRSA"	"GCA_001717975.3_ASM171797v3"
14	"0"	"100.00"	0	"MRSA"	"GCA_001725965.1_ASM172596v1"
15	"100.00"	"100.00"	0	"MRSA"	"GCA_001735655.2_ASM173565v2"
10	"0"	"0"	0	"MSSA"	"GCA_001879545.1_ASM187954v1"
9	"0"	"100.00"	0	"MRSA"	"GCA_001880265.1_ASM188026v1"
15	"100.00"	"100.00"	0	"MRSA"	"GCA_001887075.1_ASM188707v1"
9	"0"	"0"	0	"MSSA"	"GCA_001900185.1_ASM190018v1"
10	"0"	"0"	0	"MSSA"	"GCA_001956755.1_ASM195675v1"
15	"100.00"	"100.00"	0	"MRSA"	"GCA_001956815.1_ASM195681v1"
18	"100.00"	"100.00"	0	"MRSA"	"GCA_001975005.1_ASM197500v1"
15	"100.00"	"100.00"	0	"MRSA"	"GCA_001975045.1_ASM197504v1"
14	"100.00"	"100.00"	0	"MRSA"	"GCA_001986135.1_ASM198613v1"
17	"100.00"	"100.00"	0	"MRSA"	"GCA_002000565.1_ASM200056v1"
17	"100.00"	"100.00"	0	"MRSA"	"GCA_002000585.1_ASM200058v1"
17	"100.00"	"100.00"	0	"MRSA"	"GCA_002000605.1_ASM200060v1"
16	"100.00"	"100.00"	0	"MRSA"	"GCA_002000625.1_ASM200062v1"
16	"100.00"	"100.00"	0	"MRSA"	"GCA_002000645.1_ASM200064v1"
16	"100.00"	"100.00"	0	"MRSA"	"GCA_002000665.1_ASM200066v1"
17	"100.00"	"100.00"	0	"MRSA"	"GCA_002000685.1_ASM200068v1"
16	"100.00"	"100.00"	0	"MRSA"	"GCA_002000705.1_ASM200070v1"
16	"100.00"	"100.00"	0	"MRSA"	"GCA_002000725.1_ASM200072v1"
16	"100.00"	"100.00"	0	"MRSA"	"GCA_002000745.1_ASM200074v1"
16	"100.00"	"100.00"	0	"MRSA"	"GCA_002000765.1_ASM200076v1"
16	"100.00"	"100.00"	0	"MRSA"	"GCA_002000785.1_ASM200078v1"
16	"100.00"	"100.00"	0	"MRSA"	"GCA_002000805.1_ASM200080v1"
16	"100.00"	"100.00"	0	"MRSA"	"GCA_002000825.1_ASM200082v1"
16	"100.00"	"100.00"	0	"MRSA"	"GCA_002000845.1_ASM200084v1"
17	"100.00"	"100.00"	0	"MRSA"	"GCA_002000865.1_ASM200086v1"
13	"100.00"	"100.00"	0	"MRSA"	"GCA_002025125.1_ASM202512v1"
8	"0"	"0"	0	"MSSA"	"GCA_002025145.1_ASM202514v1"
10	"0"	"100.00"	0	"MRSA"	"GCA_002085525.1_ASM208552v1"
10	"0"	"100.00"	0	"MRSA"	"GCA_002088995.1_ASM208899v1"
10	"100.00"	"0"	0	"MRSA"	"GCA_002089035.2_ASM208903v2"
10	"0"	"100.00;100.00"	0	"MRSA"	"GCA_002089055.1_ASM208905v1"
8	"0"	"0"	0	"MSSA"	"GCA_002089075.2_ASM208907v2"
12	"100.00"	"0"	0	"MRSA"	"GCA_002089095.2_ASM208909v2"
8	"0"	"0"	0	"MSSA"	"GCA_002089115.2_ASM208911v2"
18	"100.00"	"100.00"	0	"MRSA"	"GCA_002097595.2_ASM209759v2"
12	"100.00"	"100.00"	0	"MRSA"	"GCA_002140115.1_ASM214011v1"
9	"0"	"0"	0	"MSSA"	"GCA_002202075.1_ASM220207v1"
9	"0"	"0"	0	"MSSA"	"GCA_002202095.1_ASM220209v1"
12	"100.00"	"100.00"	0	"MRSA"	"GCA_002204555.1_ASM220455v1"
13	"100.00"	"100.00"	0	"MRSA"	"GCA_002204575.1_ASM220457v1"
10	"0"	"0"	0	"MSSA"	"GCA_002209325.1_ASM220932v1"
12	"100.00"	"100.00"	0	"MRSA"	"GCA_002214665.1_ASM221466v1"
9	"0"	"0"	0	"MSSA"	"GCA_002310395.1_ASM231039v1"
9	"0"	"0"	0	"MSSA"	"GCA_002310435.1_ASM231043v1"
10	"0"	"100.00"	0	"MRSA"	"GCA_002355355.1_ASM235535v1"
13	"100.00"	"100.00"	0	"MRSA"	"GCA_002356675.1_ASM235667v1"
9	"0"	"0"	0	"MSSA"	"GCA_002386245.1_ASM238624v1"
13	"0"	"100.00"	0	"MRSA"	"GCA_002442975.1_ASM244297v1"
8	"0"	"0"	0	"MSSA"	"GCA_002633765.1_ASM263376v1"
10	"99.88"	"0"	0	"MRSA"	"GCA_002633785.1_ASM263378v1"
12	"0"	"0"	0	"MSSA"	"GCA_002633805.1_ASM263380v1"
9	"100.00"	"0"	0	"MRSA"	"GCA_002633825.1_ASM263382v1"
8	"0"	"0"	0	"MSSA"	"GCA_002633845.1_ASM263384v1"
10	"100.00"	"0"	0	"MRSA"	"GCA_002633865.1_ASM263386v1"
9	"0"	"0"	0	"MSSA"	"GCA_002786465.1_ASM278646v1"
9	"100.00"	"0"	0	"MRSA"	"GCA_002786535.1_ASM278653v1"
10	"100.00"	"100.00"	0	"MRSA"	"GCA_002795285.1_ASM279528v1"
13	"100.00"	"100.00"	0	"MRSA"	"GCA_002803885.1_ASM280388v1"
9	"0"	"0"	0	"MSSA"	"GCA_002850395.1_ASM285039v1"
9	"0"	"0"	0	"MSSA"	"GCA_002850415.1_ASM285041v1"
19	"100.00"	"100.00"	0	"MRSA"	"GCA_002895385.1_ASM289538v1"
9	"0"	"0"	0	"MSSA"	"GCA_002952015.1_ASM295201v1"
13	"100.00"	"100.00"	0	"MRSA"	"GCA_003010475.1_ASM301047v1"
11	"100.00"	"0"	0	"MRSA"	"GCA_003010875.1_ASM301087v1"
17	"100.00"	"100.00"	0	"MRSA"	"GCA_003029645.1_ASM302964v1"
12	"100.00"	"100.00"	0	"MRSA"	"GCA_003030065.1_ASM303006v1"
9	"0"	"0"	100	"MRSA"	"GCA_003030085.1_ASM303008v1"
9	"0"	"0"	0	"MSSA"	"GCA_003030225.1_ASM303022v1"
10	"100.00;100.00"	"0"	0	"MRSA"	"GCA_003031285.1_ASM303128v1"
10	"100.00"	"0"	0	"MRSA"	"GCA_003031425.1_ASM303142v1"
10	"0"	"100.00"	0	"MRSA"	"GCA_003031485.1_ASM303148v1"
10	"0"	"100.00"	0	"MRSA"	"GCA_003073395.1_ASM307339v1"
10	"0"	"100.00"	0	"MRSA"	"GCA_003073415.1_ASM307341v1"
10	"0"	"100.00"	0	"MRSA"	"GCA_003073435.1_ASM307343v1"
12	"100.00"	"100.00"	0	"MRSA"	"GCA_003073635.1_ASM307363v1"
15	"100.00"	"100.00"	0	"MRSA"	"GCA_003073655.1_ASM307365v1"
14	"0"	"100.00"	0	"MRSA"	"GCA_003073715.1_ASM307371v1"
10	"100.00"	"100.00"	0	"MRSA"	"GCA_003073755.1_ASM307375v1"
11	"100.00"	"100.00"	0	"MRSA"	"GCA_003073775.1_ASM307377v1"
14	"100.00"	"100.00"	0	"MRSA"	"GCA_003111725.1_ASM311172v1"
19	"100.00"	"100.00"	0	"MRSA"	"GCA_003111745.1_ASM311174v1"
8	"0"	"0"	0	"MSSA"	"GCA_003184985.1_ASM318498v1"
8	"0"	"0"	0	"MSSA"	"GCA_003185005.1_ASM318500v1"
9	"100.00;100.00"	"0"	0	"MRSA"	"GCA_003186105.1_ASM318610v1"
9	"100.00"	"0"	0	"MRSA"	"GCA_003186125.1_ASM318612v1"
12	"100.00"	"100.00"	0	"MRSA"	"GCA_003193665.1_ASM319366v1"
10	"0"	"100.00"	0	"MRSA"	"GCA_003193685.1_ASM319368v1"
17	"0"	"100.00"	0	"MRSA"	"GCA_003193705.1_ASM319370v1"
15	"99.88"	"100.00"	0	"MRSA"	"GCA_003193725.1_ASM319372v1"
14	"100.00"	"100.00"	0	"MRSA"	"GCA_003193745.1_ASM319374v1"
10	"100.00"	"100.00"	0	"MRSA"	"GCA_003193765.1_ASM319376v1"
11	"100.00"	"100.00"	0	"MRSA"	"GCA_003193785.1_ASM319378v1"
15	"100.00"	"100.00"	0	"MRSA"	"GCA_003193885.1_ASM319388v1"
15	"100.00"	"100.00"	0	"MRSA"	"GCA_003193965.1_ASM319396v1"
15	"100.00"	"100.00"	0	"MRSA"	"GCA_003194005.1_ASM319400v1"
15	"100.00"	"100.00"	0	"MRSA"	"GCA_003194025.1_ASM319402v1"
10	"0"	"100.00"	0	"MRSA"	"GCA_003194405.1_ASM319440v1"
14	"100.00"	"100.00"	0	"MRSA"	"GCA_003203595.1_ASM320359v1"
15	"100.00"	"100.00"	0	"MRSA"	"GCA_003203615.1_ASM320361v1"
16	"100.00"	"100.00"	0	"MRSA"	"GCA_003203635.1_ASM320363v1"
10	"100.00"	"0"	0	"MRSA"	"GCA_003203655.1_ASM320365v1"
15	"100.00"	"100.00"	0	"MRSA"	"GCA_003203675.1_ASM320367v1"
17	"100.00"	"100.00"	0	"MRSA"	"GCA_003264775.1_ASM326477v1"
19	"100.00"	"100.00"	0	"MRSA"	"GCA_003264815.1_ASM326481v1"
14	"100.00"	"100.00"	0	"MRSA"	"GCA_003288395.1_ASM328839v1"
15	"100.00"	"100.00"	0	"MRSA"	"GCA_003330905.1_ASM333090v1"
12	"100.00"	"100.00"	0	"MRSA"	"GCA_003342735.1_ASM334273v1"
12	"100.00;100.00"	"100.00"	0	"MRSA"	"GCA_003342775.1_ASM334277v1"
10	"100.00"	"0"	0	"MRSA"	"GCA_003347055.1_ASM334705v1"
14	"0"	"100.00"	0	"MRSA"	"GCA_003351925.1_ASM335192v1"
10	"100.00"	"0"	0	"MRSA"	"GCA_003354545.1_ASM335454v1"
17	"100.00"	"100.00"	0	"MRSA"	"GCA_003354565.1_ASM335456v1"
17	"100.00"	"100.00"	0	"MRSA"	"GCA_003354585.1_ASM335458v1"
9	"0"	"0"	0	"MSSA"	"GCA_003354605.1_ASM335460v1"
10	"100.00"	"0"	0	"MRSA"	"GCA_003354625.1_ASM335462v1"
9	"0"	"0"	0	"MSSA"	"GCA_003354645.1_ASM335464v1"
16	"0"	"100.00"	0	"MRSA"	"GCA_003354665.1_ASM335466v1"
10	"100.00"	"0"	0	"MRSA"	"GCA_003354685.1_ASM335468v1"
17	"100.00"	"100.00"	0	"MRSA"	"GCA_003354705.1_ASM335470v1"
10	"100.00"	"0"	0	"MRSA"	"GCA_003354725.1_ASM335472v1"
10	"100.00"	"0"	0	"MRSA"	"GCA_003354745.1_ASM335474v1"
17	"100.00"	"100.00"	0	"MRSA"	"GCA_003354765.1_ASM335476v1"
10	"100.00"	"0"	0	"MRSA"	"GCA_003354785.1_ASM335478v1"
9	"0"	"0"	0	"MSSA"	"GCA_003354805.1_ASM335480v1"
10	"100.00"	"0"	0	"MRSA"	"GCA_003354865.1_ASM335486v1"
9	"0"	"0"	0	"MSSA"	"GCA_003354885.1_ASM335488v1"
10	"100.00"	"0"	0	"MRSA"	"GCA_003354905.1_ASM335490v1"
10	"100.00"	"0"	0	"MRSA"	"GCA_003354925.1_ASM335492v1"
17	"100.00"	"100.00"	0	"MRSA"	"GCA_003354945.1_ASM335494v1"
17	"100.00"	"100.00"	0	"MRSA"	"GCA_003354965.1_ASM335496v1"
17	"100.00"	"100.00"	0	"MRSA"	"GCA_003354985.1_ASM335498v1"
16	"100.00"	"100.00"	0	"MRSA"	"GCA_003394105.1_ASM339410v1"
12	"100.00"	"0"	0	"MRSA"	"GCA_003425545.1_ASM342554v1"
10	"100.00"	"0"	0	"MRSA"	"GCA_003425835.1_ASM342583v1"
10	"100.00"	"0"	0	"MRSA"	"GCA_003425885.1_ASM342588v1"
12	"100.00"	"0"	0	"MRSA"	"GCA_003425915.1_ASM342591v1"
10	"100.00"	"0"	0	"MRSA"	"GCA_003426145.1_ASM342614v1"
14	"0"	"100.00"	0	"MRSA"	"GCA_003431365.1_ASM343136v1"
19	"100.00;100.00"	"100.00"	0	"MRSA"	"GCA_003432345.1_ASM343234v1"
18	"100.00;100.00"	"100.00"	0	"MRSA"	"GCA_003432365.1_ASM343236v1"
9	"0"	"0"	0	"MSSA"	"GCA_003490125.1_ASM349012v1"
11	"100.00"	"100.00"	0	"MRSA"	"GCA_003573835.1_ASM357383v1"
8	"0"	"0"	0	"MSSA"	"GCA_003573855.1_ASM357385v1"
15	"100.00"	"100.00"	0	"MRSA"	"GCA_003595365.1_ASM359536v1"
15	"100.00"	"100.00"	0	"MRSA"	"GCA_003595385.1_ASM359538v1"
16	"100.00"	"100.00"	0	"MRSA"	"GCA_003595405.1_ASM359540v1"
17	"100.00"	"100.00"	0	"MRSA"	"GCA_003595425.1_ASM359542v1"
17	"100.00"	"100.00"	0	"MRSA"	"GCA_003595445.1_ASM359544v1"
16	"100.00"	"100.00"	0	"MRSA"	"GCA_003595465.1_ASM359546v1"
15	"100.00"	"100.00"	0	"MRSA"	"GCA_003595485.1_ASM359548v1"
17	"100.00"	"100.00"	0	"MRSA"	"GCA_003595505.1_ASM359550v1"
8	"0"	"0"	0	"MSSA"	"GCA_003609855.1_ASM360985v1"
9	"100.00"	"0"	0	"MRSA"	"GCA_003609895.1_ASM360989v1"
9	"100.00"	"0"	0	"MRSA"	"GCA_003609915.1_ASM360991v1"
8	"0"	"0"	0	"MSSA"	"GCA_003627835.1_ASM362783v1"
12	"0"	"100.00"	0	"MRSA"	"GCA_003827735.1_ASM382773v1"
16	"100.00"	"100.00"	0	"MRSA"	"GCA_003827915.1_ASM382791v1"
9	"0"	"0"	0	"MSSA"	"GCA_003855575.1_ASM385557v1"
9	"0"	"0"	0	"MSSA"	"GCA_003944865.1_ASM394486v1"
12	"0"	"0"	0	"MSSA"	"GCA_003945405.1_ASM394540v1"
15	"0"	"100.00"	0	"MRSA"	"GCA_003945425.1_ASM394542v1"
10	"0"	"0"	0	"MSSA"	"GCA_003952625.1_ASM395262v1"
9	"0"	"0"	0	"MSSA"	"GCA_003955945.1_ASM395594v1"
9	"0"	"0"	0	"MSSA"	"GCA_003957315.1_ASM395731v1"
15	"100.00"	"100.00"	0	"MRSA"	"GCA_003991015.1_ASM399101v1"
12	"100.00"	"100.00"	0	"MRSA"	"GCA_004026165.1_ASM402616v1"
12	"100.00"	"100.00"	0	"MRSA"	"GCA_004026185.1_ASM402618v1"
10	"0"	"100.00"	0	"MRSA"	"GCA_004118995.1_ASM411899v1"
11	"0"	"100.00"	0	"MRSA"	"GCA_004136235.1_ASM413623v1"
18	"100.00"	"100.00"	0	"MRSA"	"GCA_004136255.1_ASM413625v1"
18	"100.00;100.00"	"100.00"	0	"MRSA"	"GCA_004136655.1_ASM413665v1"
17	"100.00;100.00"	"100.00"	0	"MRSA"	"GCA_004153345.1_ASM415334v1"
12	"100.00;99.76"	"100.00"	0	"MRSA"	"GCA_004153365.1_ASM415336v1"
9	"0"	"0"	0	"MSSA"	"GCA_004193875.1_ASM419387v1"
9	"0"	"0"	0	"MSSA"	"GCA_004193895.1_ASM419389v1"
15	"100.00"	"100.00"	0	"MRSA"	"GCA_004208595.1_ASM420859v1"
10	"0"	"100.00"	0	"MRSA"	"GCA_004368035.1_ASM436803v1"
10	"100.00"	"0"	0	"MRSA"	"GCA_004421085.1_ASM442108v1"
10	"0"	"100.00"	0	"MRSA"	"GCA_004614295.1_ASM461429v1"
10	"0"	"99.95"	0	"MRSA"	"GCA_004614315.1_ASM461431v1"
10	"100.00"	"0"	0	"MRSA"	"GCA_004771335.1_ASM477133v1"
9	"0"	"0"	0	"MSSA"	"GCA_004771515.1_ASM477151v1"
8	"0"	"0"	0	"MSSA"	"GCA_004771975.1_ASM477197v1"
8	"0"	"0"	0	"MSSA"	"GCA_004772055.1_ASM477205v1"
10	"100.00"	"0"	0	"MRSA"	"GCA_004772175.1_ASM477217v1"
9	"0"	"0"	0	"MSSA"	"GCA_004772215.1_ASM477221v1"
11	"0"	"100.00"	0	"MRSA"	"GCA_004785995.1_ASM478599v1"
8	"0"	"0"	0	"MSSA"	"GCA_004797195.1_ASM479719v1"
17	"100.00;100.00"	"100.00"	0	"MRSA"	"GCA_005705815.1_ASM570581v1"
17	"100.00;100.00"	"100.00"	0	"MRSA"	"GCA_005707015.1_ASM570701v1"
12	"0"	"100.00"	0	"MRSA"	"GCA_005707215.1_ASM570721v1"
16	"100.00;100.00"	"100.00"	0	"MRSA"	"GCA_005707335.1_ASM570733v1"
14	"0"	"100.00"	0	"MRSA"	"GCA_005885975.1_ASM588597v1"
18	"100.00;100.00"	"100.00"	0	"MRSA"	"GCA_005889995.1_ASM588999v1"
15	"100.00"	"100.00"	0	"MRSA"	"GCA_005890015.1_ASM589001v1"
15	"100.00"	"100.00"	0	"MRSA"	"GCA_005890035.1_ASM589003v1"
8	"0"	"0"	0	"MSSA"	"GCA_005931015.2_ASM593101v2"
9	"0"	"0"	0	"MSSA"	"GCA_005931035.2_ASM593103v2"
12	"100.00"	"0"	0	"MRSA"	"GCA_005931055.2_ASM593105v2"
15	"100.00"	"100.00"	0	"MRSA"	"GCA_005954685.1_ASM595468v1"
17	"99.88"	"100.00"	0	"MRSA"	"GCA_006088835.1_ASM608883v1"
9	"0"	"0"	0	"MSSA"	"GCA_006094915.1_ASM609491v1"
14	"100.00"	"100.00"	0	"MRSA"	"GCA_006158985.1_ASM615898v1"
10	"0"	"0"	0	"MSSA"	"GCA_006364675.1_ASM636467v1"
15	"0"	"100.00"	0	"MRSA"	"GCA_006364775.1_ASM636477v1"
16	"100.00;99.76"	"100.00"	100	"MRSA"	"GCA_007185035.1_ASM718503v1"
15	"100.00"	"100.00"	0	"MRSA"	"GCA_007410625.1_ASM741062v1"
11	"100.00"	"0"	0	"MRSA"	"GCA_007726325.1_ASM772632v1"
8	"0"	"0"	0	"MSSA"	"GCA_007726465.1_ASM772646v1"
9	"0"	"0"	0	"MSSA"	"GCA_007726495.1_ASM772649v1"
9	"0"	"0"	0	"MSSA"	"GCA_007726525.1_ASM772652v1"
9	"0"	"0"	0	"MSSA"	"GCA_007726545.1_ASM772654v1"
9	"0"	"0"	0	"MSSA"	"GCA_007726565.1_ASM772656v1"
9	"100.00"	"0"	0	"MRSA"	"GCA_007813675.1_ASM781367v1"
10	"100.00"	"0"	0	"MRSA"	"GCA_007826355.1_ASM782635v1"
10	"0"	"100.00"	0	"MRSA"	"GCA_007954445.1_ASM795444v1"
10	"0"	"100.00"	0	"MRSA"	"GCA_007954465.1_ASM795446v1"
12	"100.00;100.00"	"0"	0	"MRSA"	"GCA_007998145.1_ASM799814v1"
11	"0"	"100.00"	0	"MRSA"	"GCA_008244705.1_ASM824470v1"
11	"0"	"100.00"	0	"MRSA"	"GCA_008244725.1_ASM824472v1"
11	"0"	"100.00"	0	"MRSA"	"GCA_008244745.1_ASM824474v1"
15	"100.00"	"100.00"	0	"MRSA"	"GCA_008329865.1_ASM832986v1"
15	"100.00"	"100.00"	0	"MRSA"	"GCA_008329885.1_ASM832988v1"
14	"100.00"	"100.00"	0	"MRSA"	"GCA_008330045.1_ASM833004v1"
12	"100.00"	"0"	0	"MRSA"	"GCA_008330585.1_ASM833058v1"
16	"100.00;100.00"	"100.00"	0	"MRSA"	"GCA_008370815.1_ASM837081v1"
12	"100.00"	"0"	0	"MRSA"	"GCA_008462245.1_ASM846224v1"
16	"0"	"100.00"	0	"MRSA"	"GCA_008619075.1_ASM861907v1"
12	"99.88"	"100.00"	0	"MRSA"	"GCA_008619235.1_ASM861923v1"
15	"100.00"	"100.00"	0	"MRSA"	"GCA_008619415.1_ASM861941v1"
9	"0"	"0"	0	"MSSA"	"GCA_008619595.1_ASM861959v1"
8	"0"	"0"	0	"MSSA"	"GCA_008619795.1_ASM861979v1"
15	"100.00"	"100.00"	0	"MRSA"	"GCA_008619935.1_ASM861993v1"
15	"0"	"100.00"	0	"MRSA"	"GCA_008620055.1_ASM862005v1"
14	"100.00"	"0"	0	"MRSA"	"GCA_008620175.1_ASM862017v1"
14	"100.00"	"100.00"	0	"MRSA"	"GCA_008693765.1_ASM869376v1"
21	"100.00"	"100.00"	0	"MRSA"	"GCA_008934005.1_ASM893400v1"
10	"0"	"100.00"	0	"MRSA"	"GCA_008934035.1_ASM893403v1"
15	"100.00"	"100.00"	0	"MRSA"	"GCA_008934055.1_ASM893405v1"
14	"100.00"	"100.00"	0	"MRSA"	"GCA_008934075.1_ASM893407v1"
19	"100.00"	"100.00"	0	"MRSA"	"GCA_008934095.1_ASM893409v1"
16	"100.00"	"100.00"	0	"MRSA"	"GCA_008934115.1_ASM893411v1"
21	"100.00"	"100.00"	0	"MRSA"	"GCA_008934135.1_ASM893413v1"
14	"100.00;99.88;100.00"	"100.00"	0	"MRSA"	"GCA_008934155.1_ASM893415v1"
14	"0"	"100.00"	0	"MRSA"	"GCA_008934175.1_ASM893417v1"
14	"100.00"	"100.00"	0	"MRSA"	"GCA_008934195.1_ASM893419v1"
16	"100.00;100.00"	"100.00"	0	"MRSA"	"GCA_008934215.1_ASM893421v1"
18	"100.00"	"100.00"	0	"MRSA"	"GCA_008934235.1_ASM893423v1"
10	"0"	"100.00"	0	"MRSA"	"GCA_008934255.1_ASM893425v1"
21	"100.00"	"100.00"	0	"MRSA"	"GCA_008934275.1_ASM893427v1"
13	"100.00"	"100.00"	0	"MRSA"	"GCA_008934295.1_ASM893429v1"
21	"100.00"	"100.00"	0	"MRSA"	"GCA_008934315.1_ASM893431v1"
12	"100.00"	"100.00"	0	"MRSA"	"GCA_008934335.1_ASM893433v1"
12	"100.00;100.00"	"100.00"	0	"MRSA"	"GCA_008934355.1_ASM893435v1"
15	"100.00;100.00"	"100.00"	0	"MRSA"	"GCA_008934375.1_ASM893437v1"
19	"100.00"	"100.00"	0	"MRSA"	"GCA_008934395.1_ASM893439v1"
15	"100.00"	"100.00"	0	"MRSA"	"GCA_008934415.1_ASM893441v1"
15	"100.00"	"100.00"	0	"MRSA"	"GCA_008934435.1_ASM893443v1"
15	"100.00"	"100.00"	0	"MRSA"	"GCA_008934455.1_ASM893445v1"
21	"100.00"	"100.00"	0	"MRSA"	"GCA_008934475.1_ASM893447v1"
21	"100.00"	"100.00"	0	"MRSA"	"GCA_008934495.1_ASM893449v1"
13	"100.00"	"100.00"	0	"MRSA"	"GCA_008934515.1_ASM893451v1"
21	"100.00"	"100.00"	0	"MRSA"	"GCA_008934535.1_ASM893453v1"
10	"0"	"100.00"	0	"MRSA"	"GCA_008934555.1_ASM893455v1"
15	"100.00"	"100.00"	0	"MRSA"	"GCA_008934575.1_ASM893457v1"
16	"100.00"	"100.00"	0	"MRSA"	"GCA_008934595.1_ASM893459v1"
15	"100.00"	"100.00"	0	"MRSA"	"GCA_008934615.1_ASM893461v1"
21	"100.00"	"100.00"	0	"MRSA"	"GCA_008934635.1_ASM893463v1"
16	"100.00"	"100.00"	0	"MRSA"	"GCA_008934655.1_ASM893465v1"
15	"100.00"	"100.00"	0	"MRSA"	"GCA_008934675.1_ASM893467v1"
12	"100.00"	"100.00"	0	"MRSA"	"GCA_008934695.1_ASM893469v1"
15	"100.00"	"100.00"	0	"MRSA"	"GCA_008934715.1_ASM893471v1"
15	"100.00"	"100.00"	0	"MRSA"	"GCA_008934735.1_ASM893473v1"
21	"100.00"	"100.00"	0	"MRSA"	"GCA_008934755.1_ASM893475v1"
18	"100.00"	"100.00"	0	"MRSA"	"GCA_008934775.1_ASM893477v1"
13	"100.00"	"100.00"	0	"MRSA"	"GCA_008934795.1_ASM893479v1"
14	"100.00"	"100.00"	0	"MRSA"	"GCA_008934815.1_ASM893481v1"
12	"100.00"	"100.00"	0	"MRSA"	"GCA_008934835.1_ASM893483v1"
15	"0"	"100.00"	0	"MRSA"	"GCA_008934855.1_ASM893485v1"
21	"100.00"	"100.00"	0	"MRSA"	"GCA_008934875.1_ASM893487v1"
15	"100.00"	"100.00"	0	"MRSA"	"GCA_008934895.1_ASM893489v1"
11	"100.00"	"100.00"	0	"MRSA"	"GCA_008934915.1_ASM893491v1"
21	"100.00"	"100.00"	0	"MRSA"	"GCA_008934935.1_ASM893493v1"
11	"99.76"	"100.00"	0	"MRSA"	"GCA_008934955.1_ASM893495v1"
21	"100.00"	"100.00"	0	"MRSA"	"GCA_008934975.1_ASM893497v1"
15	"100.00"	"100.00"	0	"MRSA"	"GCA_008934995.1_ASM893499v1"
15	"100.00"	"100.00"	0	"MRSA"	"GCA_008935015.1_ASM893501v1"
15	"100.00"	"100.00"	0	"MRSA"	"GCA_008935035.1_ASM893503v1"
12	"100.00"	"100.00"	0	"MRSA"	"GCA_008935095.1_ASM893509v1"
12	"100.00"	"100.00"	0	"MRSA"	"GCA_008935115.1_ASM893511v1"
18	"100.00"	"100.00"	0	"MRSA"	"GCA_008935135.1_ASM893513v1"
19	"100.00"	"100.00"	0	"MRSA"	"GCA_008935155.1_ASM893515v1"
15	"100.00"	"100.00"	0	"MRSA"	"GCA_008935175.1_ASM893517v1"
21	"100.00"	"100.00"	0	"MRSA"	"GCA_008935195.1_ASM893519v1"
20	"100.00"	"100.00"	0	"MRSA"	"GCA_008935215.1_ASM893521v1"
19	"100.00"	"100.00"	0	"MRSA"	"GCA_008935235.1_ASM893523v1"
14	"100.00"	"100.00"	0	"MRSA"	"GCA_008935255.1_ASM893525v1"
15	"100.00"	"100.00"	0	"MRSA"	"GCA_008935275.1_ASM893527v1"
18	"100.00;100.00"	"100.00"	0	"MRSA"	"GCA_008935295.1_ASM893529v1"
15	"100.00"	"100.00"	0	"MRSA"	"GCA_008935315.1_ASM893531v1"
15	"100.00"	"100.00"	0	"MRSA"	"GCA_008935335.1_ASM893533v1"
12	"100.00"	"100.00"	0	"MRSA"	"GCA_008935355.1_ASM893535v1"
17	"100.00"	"100.00"	0	"MRSA"	"GCA_008935375.1_ASM893537v1"
21	"100.00"	"100.00"	0	"MRSA"	"GCA_008935395.1_ASM893539v1"
14	"100.00"	"100.00"	0	"MRSA"	"GCA_008935415.1_ASM893541v1"
15	"100.00"	"100.00"	0	"MRSA"	"GCA_008935435.1_ASM893543v1"
11	"100.00"	"100.00"	0	"MRSA"	"GCA_008935455.1_ASM893545v1"
21	"100.00"	"100.00"	0	"MRSA"	"GCA_008935475.1_ASM893547v1"
15	"100.00;100.00;100.00"	"100.00"	0	"MRSA"	"GCA_008935495.1_ASM893549v1"
18	"100.00"	"100.00"	0	"MRSA"	"GCA_008935515.1_ASM893551v1"
17	"100.00"	"100.00"	0	"MRSA"	"GCA_008935535.1_ASM893553v1"
18	"100.00"	"100.00"	0	"MRSA"	"GCA_008935555.1_ASM893555v1"
15	"100.00"	"100.00"	0	"MRSA"	"GCA_008935575.1_ASM893557v1"
13	"100.00"	"100.00"	0	"MRSA"	"GCA_008935595.1_ASM893559v1"
21	"100.00"	"100.00"	0	"MRSA"	"GCA_008935615.1_ASM893561v1"
21	"100.00"	"100.00"	0	"MRSA"	"GCA_008935635.1_ASM893563v1"
15	"100.00"	"100.00"	0	"MRSA"	"GCA_008935655.1_ASM893565v1"
15	"100.00"	"100.00"	0	"MRSA"	"GCA_008935675.1_ASM893567v1"
14	"100.00"	"100.00"	0	"MRSA"	"GCA_008935695.1_ASM893569v1"
16	"100.00"	"100.00"	0	"MRSA"	"GCA_008935715.1_ASM893571v1"
18	"100.00"	"100.00"	0	"MRSA"	"GCA_008935735.1_ASM893573v1"
10	"0"	"100.00"	0	"MRSA"	"GCA_008935755.1_ASM893575v1"
21	"100.00"	"100.00"	0	"MRSA"	"GCA_008935775.1_ASM893577v1"
15	"100.00"	"100.00"	0	"MRSA"	"GCA_008935795.1_ASM893579v1"
21	"100.00"	"100.00"	0	"MRSA"	"GCA_008935815.1_ASM893581v1"
18	"100.00"	"100.00"	0	"MRSA"	"GCA_008935835.1_ASM893583v1"
15	"100.00"	"100.00"	0	"MRSA"	"GCA_008935855.1_ASM893585v1"
21	"100.00"	"100.00"	0	"MRSA"	"GCA_008935875.1_ASM893587v1"
15	"100.00"	"100.00"	0	"MRSA"	"GCA_008935895.1_ASM893589v1"
21	"100.00"	"100.00"	0	"MRSA"	"GCA_008935915.1_ASM893591v1"
12	"100.00"	"100.00"	0	"MRSA"	"GCA_008935935.1_ASM893593v1"
21	"100.00"	"100.00"	0	"MRSA"	"GCA_008935955.1_ASM893595v1"
16	"100.00"	"100.00"	0	"MRSA"	"GCA_008935975.1_ASM893597v1"
13	"0"	"100.00"	0	"MRSA"	"GCA_008935995.1_ASM893599v1"
21	"100.00"	"100.00"	0	"MRSA"	"GCA_008936015.1_ASM893601v1"
21	"100.00"	"100.00"	0	"MRSA"	"GCA_008936035.1_ASM893603v1"
15	"100.00"	"100.00"	0	"MRSA"	"GCA_008936055.1_ASM893605v1"
15	"100.00;100.00;100.00;99.88;100.00"	"100.00"	0	"MRSA"	"GCA_008936075.1_ASM893607v1"
15	"100.00"	"100.00"	0	"MRSA"	"GCA_008936095.1_ASM893609v1"
15	"100.00"	"100.00"	0	"MRSA"	"GCA_008936115.1_ASM893611v1"
14	"0"	"100.00"	0	"MRSA"	"GCA_008936135.1_ASM893613v1"
15	"100.00"	"100.00"	0	"MRSA"	"GCA_008936155.1_ASM893615v1"
15	"100.00"	"100.00"	0	"MRSA"	"GCA_008936175.1_ASM893617v1"
15	"100.00"	"100.00"	0	"MRSA"	"GCA_008936195.1_ASM893619v1"
15	"100.00"	"100.00"	0	"MRSA"	"GCA_008936215.1_ASM893621v1"
15	"100.00"	"100.00"	0	"MRSA"	"GCA_008936235.1_ASM893623v1"
15	"100.00"	"100.00"	0	"MRSA"	"GCA_008936255.1_ASM893625v1"
15	"100.00"	"100.00"	0	"MRSA"	"GCA_008936275.1_ASM893627v1"
14	"100.00"	"100.00"	0	"MRSA"	"GCA_008936295.1_ASM893629v1"
13	"100.00"	"100.00"	0	"MRSA"	"GCA_008936315.1_ASM893631v1"
21	"100.00"	"100.00"	0	"MRSA"	"GCA_008936335.1_ASM893633v1"
15	"100.00"	"100.00"	0	"MRSA"	"GCA_008936355.1_ASM893635v1"
15	"100.00"	"100.00"	0	"MRSA"	"GCA_008936375.1_ASM893637v1"
15	"100.00"	"100.00"	0	"MRSA"	"GCA_008936395.1_ASM893639v1"
17	"100.00"	"100.00"	0	"MRSA"	"GCA_008936415.1_ASM893641v1"
12	"100.00"	"100.00"	0	"MRSA"	"GCA_008936435.1_ASM893643v1"
21	"100.00"	"100.00"	0	"MRSA"	"GCA_008936455.1_ASM893645v1"
15	"100.00"	"100.00"	0	"MRSA"	"GCA_008936475.1_ASM893647v1"
14	"100.00"	"100.00"	0	"MRSA"	"GCA_008936495.1_ASM893649v1"
15	"100.00"	"100.00"	0	"MRSA"	"GCA_008936515.1_ASM893651v1"
14	"0"	"100.00"	0	"MRSA"	"GCA_008936535.1_ASM893653v1"
18	"100.00"	"100.00"	0	"MRSA"	"GCA_008936555.1_ASM893655v1"
11	"100.00"	"100.00"	0	"MRSA"	"GCA_008936575.1_ASM893657v1"
15	"100.00"	"100.00"	0	"MRSA"	"GCA_008936595.1_ASM893659v1"
15	"100.00"	"100.00"	0	"MRSA"	"GCA_008936615.1_ASM893661v1"
13	"100.00"	"100.00"	0	"MRSA"	"GCA_008936635.1_ASM893663v1"
13	"100.00"	"100.00"	0	"MRSA"	"GCA_008936655.1_ASM893665v1"
18	"100.00"	"100.00"	0	"MRSA"	"GCA_008936675.1_ASM893667v1"
15	"100.00"	"100.00"	0	"MRSA"	"GCA_008936695.1_ASM893669v1"
15	"100.00"	"100.00"	0	"MRSA"	"GCA_008936715.1_ASM893671v1"
15	"100.00"	"100.00"	0	"MRSA"	"GCA_008936735.1_ASM893673v1"
15	"100.00"	"100.00"	0	"MRSA"	"GCA_008936755.1_ASM893675v1"
12	"100.00"	"100.00"	0	"MRSA"	"GCA_008936775.1_ASM893677v1"
16	"99.88"	"100.00"	0	"MRSA"	"GCA_008936795.1_ASM893679v1"
13	"100.00"	"100.00"	0	"MRSA"	"GCA_008936815.1_ASM893681v1"
21	"100.00"	"100.00"	0	"MRSA"	"GCA_008936835.1_ASM893683v1"
14	"100.00"	"100.00"	0	"MRSA"	"GCA_008936855.1_ASM893685v1"
13	"100.00"	"100.00"	0	"MRSA"	"GCA_008936875.1_ASM893687v1"
15	"100.00;100.00;100.00;100.00"	"100.00"	0	"MRSA"	"GCA_008936895.1_ASM893689v1"
14	"100.00"	"100.00"	0	"MRSA"	"GCA_008936915.1_ASM893691v1"
21	"100.00"	"100.00"	0	"MRSA"	"GCA_008937055.1_ASM893705v1"
20	"100.00"	"100.00"	0	"MRSA"	"GCA_008937295.1_ASM893729v1"
21	"100.00"	"100.00"	0	"MRSA"	"GCA_008937415.1_ASM893741v1"
14	"100.00"	"100.00"	0	"MRSA"	"GCA_008937635.1_ASM893763v1"
18	"100.00"	"100.00"	0	"MRSA"	"GCA_008937855.1_ASM893785v1"
17	"100.00;100.00;100.00;100.00"	"100.00"	0	"MRSA"	"GCA_008938015.1_ASM893801v1"
11	"0"	"100.00"	0	"MRSA"	"GCA_008938075.1_ASM893807v1"
14	"100.00"	"100.00"	0	"MRSA"	"GCA_008938095.1_ASM893809v1"
16	"0"	"100.00"	0	"MRSA"	"GCA_009176765.1_ASM917676v1"
18	"100.00"	"100.00"	0	"MRSA"	"GCA_009176785.1_ASM917678v1"
18	"100.00"	"100.00"	0	"MRSA"	"GCA_009176875.1_ASM917687v1"
10	"100.00"	"0"	0	"MRSA"	"GCA_009650155.1_ASM965015v1"
15	"100.00"	"100.00"	0	"MRSA"	"GCA_009684655.1_ASM968465v1"
12	"100.00"	"0"	0	"MRSA"	"GCA_009728755.1_ASM972875v1"
12	"100.00"	"0"	0	"MRSA"	"GCA_009728775.1_ASM972877v1"
8	"0"	"0"	0	"MSSA"	"GCA_009731595.1_ASM973159v1"
16	"100.00"	"100.00"	0	"MRSA"	"GCA_009739675.1_ASM973967v1"
16	"100.00"	"100.00"	0	"MRSA"	"GCA_009739695.1_ASM973969v1"
16	"100.00"	"100.00"	0	"MRSA"	"GCA_009739715.1_ASM973971v1"
14	"0"	"100.00"	0	"MRSA"	"GCA_009739735.1_ASM973973v1"
14	"0"	"100.00"	0	"MRSA"	"GCA_009739755.1_ASM973975v1"
14	"0"	"100.00"	0	"MRSA"	"GCA_009739775.1_ASM973977v1"
14	"0"	"100.00"	0	"MRSA"	"GCA_009739795.1_ASM973979v1"
14	"0"	"100.00"	0	"MRSA"	"GCA_009739825.1_ASM973982v1"
14	"0"	"100.00"	0	"MRSA"	"GCA_009739845.1_ASM973984v1"
14	"0"	"100.00"	0	"MRSA"	"GCA_009739865.1_ASM973986v1"
14	"0"	"100.00"	0	"MRSA"	"GCA_009739885.1_ASM973988v1"
14	"0"	"100.00"	0	"MRSA"	"GCA_009740205.1_ASM974020v1"
10	"100.00"	"0"	0	"MRSA"	"GCA_009769095.1_ASM976909v1"
13	"100.00"	"100.00"	0	"MRSA"	"GCA_009857055.1_ASM985705v1"
8	"0"	"0"	0	"MSSA"	"GCA_009873335.1_ASM987333v1"
9	"100.00"	"0"	0	"MRSA"	"GCA_009911815.1_ASM991181v1"
9	"0"	"0"	0	"MSSA"	"GCA_009911835.1_ASM991183v1"
10	"100.00"	"0"	0	"MRSA"	"GCA_009911855.1_ASM991185v1"
9	"0"	"0"	0	"MSSA"	"GCA_009911895.1_ASM991189v1"
10	"100.00"	"0"	0	"MRSA"	"GCA_009911965.1_ASM991196v1"
10	"0"	"0"	0	"MSSA"	"GCA_009912015.1_ASM991201v1"
10	"100.00"	"0"	0	"MRSA"	"GCA_009912035.1_ASM991203v1"
10	"100.00"	"0"	0	"MRSA"	"GCA_009912055.1_ASM991205v1"
10	"100.00"	"0"	0	"MRSA"	"GCA_009912075.1_ASM991207v1"
9	"0"	"0"	0	"MSSA"	"GCA_009912095.1_ASM991209v1"
9	"100.00"	"0"	0	"MRSA"	"GCA_009912115.1_ASM991211v1"
10	"100.00"	"0"	0	"MRSA"	"GCA_009912155.1_ASM991215v1"
11	"100.00"	"0"	0	"MRSA"	"GCA_009912195.1_ASM991219v1"
9	"100.00"	"0"	0	"MRSA"	"GCA_009912255.1_ASM991225v1"
10	"100.00"	"0"	0	"MRSA"	"GCA_009912295.1_ASM991229v1"
9	"100.00"	"0"	0	"MRSA"	"GCA_009912335.1_ASM991233v1"
9	"100.00"	"0"	0	"MRSA"	"GCA_009912355.1_ASM991235v1"
9	"100.00"	"0"	0	"MRSA"	"GCA_009912375.1_ASM991237v1"
11	"100.00"	"0"	0	"MRSA"	"GCA_009912415.1_ASM991241v1"
10	"100.00"	"0"	0	"MRSA"	"GCA_009912435.1_ASM991243v1"
8	"0"	"0"	0	"MSSA"	"GCA_009912455.1_ASM991245v1"
10	"100.00"	"0"	0	"MRSA"	"GCA_009912475.1_ASM991247v1"
12	"100.00"	"0"	0	"MRSA"	"GCA_009912495.1_ASM991249v1"
10	"100.00"	"0"	0	"MRSA"	"GCA_009912535.1_ASM991253v1"
10	"100.00;100.00;100.00"	"0"	0	"MRSA"	"GCA_009912555.1_ASM991255v1"
10	"100.00"	"0"	0	"MRSA"	"GCA_009912595.1_ASM991259v1"
10	"100.00"	"0"	0	"MRSA"	"GCA_009912615.1_ASM991261v1"
9	"0"	"0"	0	"MSSA"	"GCA_009912635.1_ASM991263v1"
11	"99.88"	"0"	0	"MRSA"	"GCA_009912655.1_ASM991265v1"
10	"100.00"	"0"	0	"MRSA"	"GCA_009912675.1_ASM991267v1"
9	"100.00"	"0"	0	"MRSA"	"GCA_009912695.1_ASM991269v1"
10	"100.00"	"0"	0	"MRSA"	"GCA_009912715.1_ASM991271v1"
10	"100.00"	"0"	0	"MRSA"	"GCA_009912735.1_ASM991273v1"
10	"100.00"	"0"	0	"MRSA"	"GCA_009912755.1_ASM991275v1"
10	"100.00"	"0"	0	"MRSA"	"GCA_009912775.1_ASM991277v1"
11	"100.00"	"0"	0	"MRSA"	"GCA_009912795.1_ASM991279v1"
8	"0"	"0"	0	"MSSA"	"GCA_009912815.1_ASM991281v1"
10	"100.00"	"0"	0	"MRSA"	"GCA_009912835.1_ASM991283v1"
10	"100.00"	"0"	0	"MRSA"	"GCA_009912855.1_ASM991285v1"
9	"100.00"	"0"	0	"MRSA"	"GCA_009912875.1_ASM991287v1"
15	"100.00"	"100.00"	0	"MRSA"	"GCA_009912895.1_ASM991289v1"
11	"100.00"	"0"	0	"MRSA"	"GCA_009912915.1_ASM991291v1"
9	"0"	"0"	0	"MSSA"	"GCA_009912935.1_ASM991293v1"
10	"100.00"	"0"	0	"MRSA"	"GCA_009912955.1_ASM991295v1"
13	"0"	"100.00"	0	"MRSA"	"GCA_009912975.1_ASM991297v1"
14	"0"	"100.00"	0	"MRSA"	"GCA_009912995.1_ASM991299v1"
15	"100.00"	"100.00"	0	"MRSA"	"GCA_009913015.1_ASM991301v1"
10	"100.00;100.00;100.00;100.00"	"0"	0	"MRSA"	"GCA_009913035.1_ASM991303v1"
10	"100.00"	"0"	0	"MRSA"	"GCA_009913055.1_ASM991305v1"
10	"100.00"	"0"	0	"MRSA"	"GCA_009913075.1_ASM991307v1"
14	"100.00"	"100.00"	0	"MRSA"	"GCA_009913095.1_ASM991309v1"
13	"100.00"	"100.00"	0	"MRSA"	"GCA_009913115.1_ASM991311v1"
14	"100.00"	"100.00"	0	"MRSA"	"GCA_009913135.1_ASM991313v1"
14	"100.00"	"100.00"	0	"MRSA"	"GCA_009913155.1_ASM991315v1"
15	"100.00"	"100.00"	0	"MRSA"	"GCA_009913175.1_ASM991317v1"
14	"0"	"100.00"	0	"MRSA"	"GCA_009913195.1_ASM991319v1"
10	"100.00"	"0"	0	"MRSA"	"GCA_009913215.1_ASM991321v1"
9	"0"	"100.00"	0	"MRSA"	"GCA_009914455.1_ASM991445v1"
11	"100.00;100.00"	"0"	0	"MRSA"	"GCA_009937785.1_ASM993778v1"
20	"100.00"	"100.00"	0	"MRSA"	"GCA_010669265.1_ASM1066926v1"
8	"0"	"0"	0	"MSSA"	"GCA_011032785.1_ASM1103278v1"
11	"100.00"	"100.00"	0	"MRSA"	"GCA_011035105.1_ASM1103510v1"
9	"0"	"0"	0	"MSSA"	"GCA_012044215.1_ASM1204421v1"
10	"99.88"	"0"	0	"MRSA"	"GCA_012044475.1_ASM1204447v1"
10	"100.00"	"0"	0	"MRSA"	"GCA_012974825.1_ASM1297482v1"
13	"0"	"100.00"	0	"MRSA"	"GCA_013003945.1_ASM1300394v1"
15	"0"	"0"	0	"MSSA"	"GCA_013004085.1_ASM1300408v1"
10	"100.00"	"100.00"	0	"MRSA"	"GCA_013008375.1_ASM1300837v1"
13	"100.00"	"100.00"	0	"MRSA"	"GCA_013046865.1_ASM1304686v1"
14	"100.00"	"100.00"	0	"MRSA"	"GCA_013046885.1_ASM1304688v1"
8	"0"	"0"	0	"MSSA"	"GCA_013187685.1_ASM1318768v1"
14	"100.00"	"0"	0	"MRSA"	"GCA_013305885.1_ASM1330588v1"
18	"100.00"	"100.00"	0	"MRSA"	"GCA_013305905.1_ASM1330590v1"
11	"100.00"	"0"	0	"MRSA"	"GCA_013305955.1_ASM1330595v1"
16	"100.00;100.00;100.00"	"100.00"	0	"MRSA"	"GCA_013307005.2_ASM1330700v2"
14	"100.00"	"100.00"	0	"MRSA"	"GCA_013307025.1_ASM1330702v1"
15	"100.00;100.00"	"100.00"	0	"MRSA"	"GCA_013307065.1_ASM1330706v1"
12	"100.00"	"0"	0	"MRSA"	"GCA_013307085.1_ASM1330708v1"
8	"0"	"0"	0	"MSSA"	"GCA_013363895.1_ASM1336389v1"
20	"100.00"	"100.00"	0	"MRSA"	"GCA_013389715.1_ASM1338971v1"
11	"100.00"	"100.00"	0	"MRSA"	"GCA_013394425.1_ASM1339442v1"
12	"100.00"	"100.00"	0	"MRSA"	"GCA_013414865.1_ASM1341486v1"
15	"100.00"	"100.00"	0	"MRSA"	"GCA_013415955.1_ASM1341595v1"
9	"0"	"100.00"	0	"MRSA"	"GCA_013415975.1_ASM1341597v1"
12	"99.88"	"100.00"	0	"MRSA"	"GCA_013415995.1_ASM1341599v1"
13	"100.00"	"100.00"	0	"MRSA"	"GCA_013426235.1_ASM1342623v1"
10	"100.00"	"0"	0	"MRSA"	"GCA_013467165.1_ASM1346716v1"
11	"100.00"	"100.00"	0	"MRSA"	"GCA_013467405.1_ASM1346740v1"
13	"100.00"	"100.00"	0	"MRSA"	"GCA_013836525.1_ASM1383652v1"
13	"100.00"	"100.00"	0	"MRSA"	"GCA_013836745.1_ASM1383674v1"
11	"0"	"100.00"	0	"MRSA"	"GCA_014696255.2_ASM1469625v2"
9	"0"	"0"	0	"MSSA"	"GCA_014696415.2_ASM1469641v2"
9	"0"	"0"	0	"MSSA"	"GCA_014696535.2_ASM1469653v2"
10	"0"	"100.00"	0	"MRSA"	"GCA_014696685.2_ASM1469668v2"
9	"0"	"0"	0	"MSSA"	"GCA_014696835.2_ASM1469683v2"
11	"0"	"100.00"	0	"MRSA"	"GCA_014696975.2_ASM1469697v2"
16	"0"	"100.00"	0	"MRSA"	"GCA_014725515.1_ASM1472551v1"
19	"100.00"	"100.00"	0	"MRSA"	"GCA_014725535.1_ASM1472553v1"
11	"100.00"	"100.00"	0	"MRSA"	"GCA_014725555.1_ASM1472555v1"
18	"100.00"	"100.00"	0	"MRSA"	"GCA_014725575.1_ASM1472557v1"
12	"100.00"	"100.00"	0	"MRSA"	"GCA_014725595.1_ASM1472559v1"
15	"99.88"	"100.00"	0	"MRSA"	"GCA_014725615.1_ASM1472561v1"
12	"100.00"	"100.00"	0	"MRSA"	"GCA_014725635.1_ASM1472563v1"
14	"100.00;100.00;100.00"	"100.00"	0	"MRSA"	"GCA_014725655.1_ASM1472565v1"
15	"100.00"	"100.00"	0	"MRSA"	"GCA_014725675.1_ASM1472567v1"
17	"100.00"	"100.00"	0	"MRSA"	"GCA_014725935.1_ASM1472593v1"
14	"100.00"	"100.00"	0	"MRSA"	"GCA_014725955.1_ASM1472595v1"
18	"100.00"	"100.00"	0	"MRSA"	"GCA_014725975.1_ASM1472597v1"
10	"0"	"100.00"	0	"MRSA"	"GCA_014725995.1_ASM1472599v1"
11	"100.00"	"100.00"	0	"MRSA"	"GCA_014726015.1_ASM1472601v1"
21	"100.00"	"100.00"	0	"MRSA"	"GCA_014726035.1_ASM1472603v1"
12	"100.00"	"100.00"	0	"MRSA"	"GCA_014726055.1_ASM1472605v1"
16	"100.00"	"100.00"	0	"MRSA"	"GCA_014726075.1_ASM1472607v1"
14	"0"	"100.00"	0	"MRSA"	"GCA_014726095.1_ASM1472609v1"
15	"100.00"	"100.00"	0	"MRSA"	"GCA_014726115.1_ASM1472611v1"
15	"100.00"	"100.00"	0	"MRSA"	"GCA_014726135.1_ASM1472613v1"
13	"100.00"	"100.00"	0	"MRSA"	"GCA_014726155.1_ASM1472615v1"
15	"100.00"	"100.00"	0	"MRSA"	"GCA_014726175.1_ASM1472617v1"
15	"100.00"	"100.00"	0	"MRSA"	"GCA_014726195.1_ASM1472619v1"
14	"100.00"	"100.00"	0	"MRSA"	"GCA_014726215.1_ASM1472621v1"
21	"100.00"	"100.00"	0	"MRSA"	"GCA_014726235.1_ASM1472623v1"
15	"100.00"	"100.00"	0	"MRSA"	"GCA_014726255.1_ASM1472625v1"
13	"100.00"	"100.00"	0	"MRSA"	"GCA_014726275.1_ASM1472627v1"
21	"100.00"	"100.00"	0	"MRSA"	"GCA_014726295.1_ASM1472629v1"
9	"0"	"100.00"	0	"MRSA"	"GCA_014726315.1_ASM1472631v1"
15	"100.00"	"100.00"	0	"MRSA"	"GCA_014726335.1_ASM1472633v1"
11	"100.00"	"100.00"	0	"MRSA"	"GCA_014726355.1_ASM1472635v1"
16	"100.00"	"100.00"	0	"MRSA"	"GCA_014726375.1_ASM1472637v1"
15	"100.00"	"100.00"	0	"MRSA"	"GCA_014726395.1_ASM1472639v1"
18	"0"	"100.00"	0	"MRSA"	"GCA_014726415.1_ASM1472641v1"
14	"100.00"	"100.00"	0	"MRSA"	"GCA_014726435.1_ASM1472643v1"
12	"100.00"	"100.00"	0	"MRSA"	"GCA_014726455.1_ASM1472645v1"
15	"100.00"	"100.00"	0	"MRSA"	"GCA_014726475.1_ASM1472647v1"
15	"100.00"	"100.00"	0	"MRSA"	"GCA_014726495.1_ASM1472649v1"
12	"100.00"	"100.00"	0	"MRSA"	"GCA_014726515.1_ASM1472651v1"
14	"100.00"	"100.00"	0	"MRSA"	"GCA_014726535.1_ASM1472653v1"
12	"100.00"	"100.00"	0	"MRSA"	"GCA_014726555.1_ASM1472655v1"
9	"100.00"	"0"	0	"MRSA"	"GCA_014726575.1_ASM1472657v1"
15	"100.00"	"100.00"	0	"MRSA"	"GCA_014726595.1_ASM1472659v1"
21	"100.00"	"100.00"	0	"MRSA"	"GCA_014726615.1_ASM1472661v1"
17	"100.00"	"100.00"	0	"MRSA"	"GCA_014726635.1_ASM1472663v1"
13	"0"	"100.00"	0	"MRSA"	"GCA_014726655.1_ASM1472665v1"
15	"100.00"	"100.00"	0	"MRSA"	"GCA_014726675.1_ASM1472667v1"
16	"100.00"	"100.00"	0	"MRSA"	"GCA_014726695.1_ASM1472669v1"
15	"100.00"	"100.00"	0	"MRSA"	"GCA_014726715.1_ASM1472671v1"
18	"100.00"	"100.00"	0	"MRSA"	"GCA_014726735.1_ASM1472673v1"
15	"100.00"	"100.00"	0	"MRSA"	"GCA_014726775.1_ASM1472677v1"
12	"100.00"	"100.00"	0	"MRSA"	"GCA_014726805.1_ASM1472680v1"
15	"100.00;100.00"	"100.00"	0	"MRSA"	"GCA_014726825.1_ASM1472682v1"
16	"100.00;100.00"	"100.00"	0	"MRSA"	"GCA_014726845.1_ASM1472684v1"
12	"100.00"	"100.00"	0	"MRSA"	"GCA_014726875.1_ASM1472687v1"
21	"100.00"	"100.00"	0	"MRSA"	"GCA_014726895.1_ASM1472689v1"
15	"100.00"	"100.00"	0	"MRSA"	"GCA_014726915.1_ASM1472691v1"
12	"100.00"	"100.00"	0	"MRSA"	"GCA_014726935.1_ASM1472693v1"
15	"100.00"	"100.00"	0	"MRSA"	"GCA_014726955.1_ASM1472695v1"
16	"100.00"	"100.00"	0	"MRSA"	"GCA_014726975.1_ASM1472697v1"
19	"100.00"	"100.00"	0	"MRSA"	"GCA_014726995.1_ASM1472699v1"
18	"100.00;99.88;100.00"	"99.95"	0	"MRSA"	"GCA_014727015.1_ASM1472701v1"
14	"100.00"	"100.00"	0	"MRSA"	"GCA_014727035.1_ASM1472703v1"
16	"100.00"	"100.00"	0	"MRSA"	"GCA_014727055.1_ASM1472705v1"
17	"100.00"	"100.00"	0	"MRSA"	"GCA_014727075.1_ASM1472707v1"
15	"99.65"	"100.00"	0	"MRSA"	"GCA_014727095.1_ASM1472709v1"
18	"100.00"	"100.00"	0	"MRSA"	"GCA_014727115.1_ASM1472711v1"
10	"100.00"	"0"	0	"MRSA"	"GCA_014727135.1_ASM1472713v1"
21	"100.00"	"100.00"	0	"MRSA"	"GCA_014727155.1_ASM1472715v1"
21	"100.00"	"100.00"	0	"MRSA"	"GCA_014727175.1_ASM1472717v1"
12	"100.00"	"100.00"	0	"MRSA"	"GCA_014727195.1_ASM1472719v1"
21	"100.00"	"100.00"	0	"MRSA"	"GCA_014727235.1_ASM1472723v1"
15	"100.00"	"100.00"	0	"MRSA"	"GCA_014727255.1_ASM1472725v1"
14	"100.00"	"100.00"	0	"MRSA"	"GCA_014727275.1_ASM1472727v1"
16	"100.00"	"100.00"	0	"MRSA"	"GCA_014727295.1_ASM1472729v1"
21	"100.00"	"100.00"	0	"MRSA"	"GCA_014727315.1_ASM1472731v1"
21	"100.00"	"100.00"	0	"MRSA"	"GCA_014727335.1_ASM1472733v1"
13	"0"	"100.00"	0	"MRSA"	"GCA_014727355.1_ASM1472735v1"
15	"100.00"	"100.00"	0	"MRSA"	"GCA_014727375.1_ASM1472737v1"
15	"100.00"	"100.00"	0	"MRSA"	"GCA_014727395.1_ASM1472739v1"
11	"100.00"	"100.00"	0	"MRSA"	"GCA_014727415.1_ASM1472741v1"
21	"100.00"	"100.00"	0	"MRSA"	"GCA_014727435.1_ASM1472743v1"
11	"100.00"	"100.00"	0	"MRSA"	"GCA_014727455.1_ASM1472745v1"
21	"100.00"	"100.00"	0	"MRSA"	"GCA_014727475.1_ASM1472747v1"
21	"100.00"	"100.00"	0	"MRSA"	"GCA_014727495.1_ASM1472749v1"
11	"100.00"	"100.00"	0	"MRSA"	"GCA_014727515.1_ASM1472751v1"
16	"0"	"100.00"	0	"MRSA"	"GCA_014727535.1_ASM1472753v1"
12	"100.00"	"100.00"	0	"MRSA"	"GCA_014727555.1_ASM1472755v1"
12	"100.00;100.00"	"100.00"	0	"MRSA"	"GCA_014727575.1_ASM1472757v1"
16	"100.00"	"100.00"	0	"MRSA"	"GCA_014727595.1_ASM1472759v1"
15	"100.00"	"100.00"	0	"MRSA"	"GCA_014727615.1_ASM1472761v1"
12	"100.00;100.00"	"100.00"	0	"MRSA"	"GCA_014727635.1_ASM1472763v1"
15	"100.00"	"100.00"	0	"MRSA"	"GCA_014727655.1_ASM1472765v1"
15	"100.00"	"100.00"	0	"MRSA"	"GCA_014727675.1_ASM1472767v1"
12	"100.00;100.00"	"100.00"	0	"MRSA"	"GCA_014727695.1_ASM1472769v1"
16	"100.00;100.00"	"100.00"	0	"MRSA"	"GCA_014727715.1_ASM1472771v1"
15	"100.00"	"100.00"	0	"MRSA"	"GCA_014727735.1_ASM1472773v1"
14	"100.00"	"99.95"	0	"MRSA"	"GCA_014727755.1_ASM1472775v1"
12	"100.00"	"100.00"	0	"MRSA"	"GCA_014727775.1_ASM1472777v1"
10	"0"	"100.00"	0	"MRSA"	"GCA_014727795.1_ASM1472779v1"
18	"100.00"	"100.00"	0	"MRSA"	"GCA_014728255.1_ASM1472825v1"
10	"0"	"100.00"	0	"MRSA"	"GCA_014728415.1_ASM1472841v1"
14	"100.00"	"100.00"	0	"MRSA"	"GCA_014728585.1_ASM1472858v1"
14	"100.00"	"100.00"	0	"MRSA"	"GCA_014728725.1_ASM1472872v1"
15	"100.00"	"100.00"	0	"MRSA"	"GCA_014728925.1_ASM1472892v1"
18	"100.00"	"100.00"	0	"MRSA"	"GCA_014729065.1_ASM1472906v1"
14	"100.00"	"100.00"	0	"MRSA"	"GCA_014729215.1_ASM1472921v1"
15	"100.00"	"100.00"	0	"MRSA"	"GCA_014729385.1_ASM1472938v1"
18	"100.00;100.00;100.00"	"100.00"	0	"MRSA"	"GCA_014729535.1_ASM1472953v1"
19	"100.00"	"100.00"	0	"MRSA"	"GCA_014729655.1_ASM1472965v1"
15	"100.00"	"100.00"	0	"MRSA"	"GCA_014729855.1_ASM1472985v1"
16	"100.00;100.00"	"100.00"	0	"MRSA"	"GCA_014730015.1_ASM1473001v1"
11	"100.00"	"100.00"	0	"MRSA"	"GCA_014730155.1_ASM1473015v1"
14	"100.00"	"0"	0	"MRSA"	"GCA_014730335.1_ASM1473033v1"
21	"100.00"	"100.00"	0	"MRSA"	"GCA_014730395.1_ASM1473039v1"
11	"100.00"	"100.00"	0	"MRSA"	"GCA_014730415.1_ASM1473041v1"
21	"100.00"	"100.00"	0	"MRSA"	"GCA_014730435.1_ASM1473043v1"
12	"100.00"	"100.00"	0	"MRSA"	"GCA_014730455.1_ASM1473045v1"
15	"100.00"	"100.00"	0	"MRSA"	"GCA_014730475.1_ASM1473047v1"
21	"100.00"	"100.00"	0	"MRSA"	"GCA_014730495.1_ASM1473049v1"
15	"100.00"	"100.00"	0	"MRSA"	"GCA_014730515.1_ASM1473051v1"
11	"100.00"	"100.00"	0	"MRSA"	"GCA_014730535.1_ASM1473053v1"
16	"100.00"	"100.00"	0	"MRSA"	"GCA_014730555.1_ASM1473055v1"
10	"0"	"100.00"	0	"MRSA"	"GCA_014730575.1_ASM1473057v1"
18	"100.00"	"100.00"	0	"MRSA"	"GCA_014730595.1_ASM1473059v1"
19	"100.00"	"100.00"	0	"MRSA"	"GCA_014730615.1_ASM1473061v1"
18	"100.00"	"100.00"	0	"MRSA"	"GCA_014730635.1_ASM1473063v1"
12	"100.00"	"100.00"	0	"MRSA"	"GCA_014730655.1_ASM1473065v1"
17	"100.00"	"100.00"	0	"MRSA"	"GCA_014730675.1_ASM1473067v1"
19	"97.52"	"100.00"	0	"MRSA"	"GCA_014730695.1_ASM1473069v1"
21	"100.00"	"100.00"	0	"MRSA"	"GCA_014730715.1_ASM1473071v1"
16	"100.00;100.00"	"100.00"	0	"MRSA"	"GCA_014730735.1_ASM1473073v1"
14	"100.00;100.00;100.00;100.00"	"100.00"	0	"MRSA"	"GCA_014730775.1_ASM1473077v1"
11	"100.00"	"100.00"	0	"MRSA"	"GCA_014730795.1_ASM1473079v1"
18	"100.00"	"100.00"	0	"MRSA"	"GCA_014730815.1_ASM1473081v1"
16	"99.88"	"100.00"	0	"MRSA"	"GCA_014730835.1_ASM1473083v1"
10	"0"	"100.00"	0	"MRSA"	"GCA_014730855.1_ASM1473085v1"
16	"100.00"	"100.00"	0	"MRSA"	"GCA_014730885.1_ASM1473088v1"
9	"0"	"0"	0	"MSSA"	"GCA_014730905.1_ASM1473090v1"
10	"0"	"99.95"	0	"MRSA"	"GCA_014730925.1_ASM1473092v1"
10	"0"	"100.00"	0	"MRSA"	"GCA_014730945.1_ASM1473094v1"
16	"100.00"	"100.00"	0	"MRSA"	"GCA_014730965.1_ASM1473096v1"
18	"100.00"	"100.00"	0	"MRSA"	"GCA_014730985.1_ASM1473098v1"
15	"0"	"100.00"	0	"MRSA"	"GCA_014731005.1_ASM1473100v1"
14	"100.00"	"100.00"	0	"MRSA"	"GCA_014731025.1_ASM1473102v1"
10	"0"	"100.00"	0	"MRSA"	"GCA_014731045.1_ASM1473104v1"
10	"0"	"100.00"	0	"MRSA"	"GCA_014731065.1_ASM1473106v1"
19	"100.00"	"100.00"	0	"MRSA"	"GCA_014731085.1_ASM1473108v1"
10	"0"	"100.00"	0	"MRSA"	"GCA_014731105.1_ASM1473110v1"
21	"100.00"	"100.00"	0	"MRSA"	"GCA_014731125.1_ASM1473112v1"
13	"100.00"	"100.00"	0	"MRSA"	"GCA_014731145.1_ASM1473114v1"
18	"100.00"	"100.00"	0	"MRSA"	"GCA_014731165.1_ASM1473116v1"
12	"100.00"	"100.00"	0	"MRSA"	"GCA_014731185.1_ASM1473118v1"
20	"100.00"	"100.00"	0	"MRSA"	"GCA_014731205.1_ASM1473120v1"
15	"100.00"	"100.00"	0	"MRSA"	"GCA_014731235.1_ASM1473123v1"
16	"0"	"100.00"	0	"MRSA"	"GCA_014731355.1_ASM1473135v1"
11	"100.00"	"100.00"	0	"MRSA"	"GCA_014731415.1_ASM1473141v1"
13	"100.00;100.00;100.00;100.00"	"100.00"	0	"MRSA"	"GCA_014731435.1_ASM1473143v1"
18	"100.00"	"100.00"	0	"MRSA"	"GCA_014731455.1_ASM1473145v1"
12	"100.00"	"100.00"	0	"MRSA"	"GCA_014731475.1_ASM1473147v1"
19	"100.00;100.00"	"100.00"	0	"MRSA"	"GCA_014731495.1_ASM1473149v1"
15	"100.00"	"100.00"	0	"MRSA"	"GCA_014731515.1_ASM1473151v1"
21	"100.00"	"100.00"	0	"MRSA"	"GCA_014731535.1_ASM1473153v1"
13	"100.00;100.00;100.00;100.00"	"100.00"	0	"MRSA"	"GCA_014731555.1_ASM1473155v1"
12	"0"	"100.00"	0	"MRSA"	"GCA_014731655.1_ASM1473165v1"
21	"100.00"	"100.00"	0	"MRSA"	"GCA_014731695.1_ASM1473169v1"
12	"100.00"	"100.00"	0	"MRSA"	"GCA_014731715.1_ASM1473171v1"
17	"100.00;100.00"	"100.00"	0	"MRSA"	"GCA_014731735.1_ASM1473173v1"
18	"100.00"	"100.00"	0	"MRSA"	"GCA_014731755.1_ASM1473175v1"
11	"100.00"	"100.00"	0	"MRSA"	"GCA_014731775.1_ASM1473177v1"
15	"100.00"	"100.00"	0	"MRSA"	"GCA_014731815.1_ASM1473181v1"
13	"0"	"100.00"	0	"MRSA"	"GCA_014731835.1_ASM1473183v1"
21	"99.76"	"100.00"	0	"MRSA"	"GCA_014731855.1_ASM1473185v1"
21	"100.00"	"100.00"	0	"MRSA"	"GCA_014731875.1_ASM1473187v1"
15	"100.00"	"100.00"	0	"MRSA"	"GCA_014731895.1_ASM1473189v1"
15	"100.00"	"100.00"	0	"MRSA"	"GCA_014731915.1_ASM1473191v1"
15	"100.00"	"100.00"	0	"MRSA"	"GCA_014731935.1_ASM1473193v1"
14	"100.00"	"100.00"	0	"MRSA"	"GCA_014731955.1_ASM1473195v1"
21	"100.00"	"100.00"	0	"MRSA"	"GCA_014731975.1_ASM1473197v1"
21	"100.00"	"100.00"	0	"MRSA"	"GCA_014731995.1_ASM1473199v1"
21	"100.00"	"100.00"	0	"MRSA"	"GCA_014732015.1_ASM1473201v1"
11	"100.00"	"100.00"	0	"MRSA"	"GCA_014732035.1_ASM1473203v1"
13	"100.00"	"100.00"	0	"MRSA"	"GCA_014732055.1_ASM1473205v1"
15	"100.00"	"100.00"	0	"MRSA"	"GCA_014732075.1_ASM1473207v1"
19	"100.00"	"100.00"	0	"MRSA"	"GCA_014794145.1_ASM1479414v1"
11	"100.00"	"100.00"	0	"MRSA"	"GCA_014844155.1_ASM1484415v1"
8	"0"	"0"	0	"MSSA"	"GCA_014876755.1_ASM1487675v1"
11	"99.05"	"100.00"	0	"MRSA"	"GCA_015219885.1_ASM1521988v1"
17	"100.00;100.00"	"100.00"	0	"MRSA"	"GCA_015219905.1_ASM1521990v1"
9	"98.94;99.05"	"0"	0	"MRSA"	"GCA_015219925.1_ASM1521992v1"
17	"100.00;100.00"	"100.00"	0	"MRSA"	"GCA_015220695.1_ASM1522069v1"
11	"100.00"	"0"	0	"MRSA"	"GCA_015244035.1_ASM1524403v1"
10	"0"	"0"	0	"MSSA"	"GCA_015290965.1_ASM1529096v1"
10	"0"	"100.00"	0	"MRSA"	"GCA_015475575.1_ASM1547557v1"
10	"100.00"	"0"	0	"MRSA"	"GCA_015732455.1_ASM1573245v1"
11	"100.00"	"100.00"	0	"MRSA"	"GCA_015767475.1_ASM1576747v1"
17	"100.00"	"100.00"	0	"MRSA"	"GCA_015767495.1_ASM1576749v1"
9	"0"	"0"	0	"MSSA"	"GCA_015774815.1_ASM1577481v1"
8	"0"	"0"	0	"MSSA"	"GCA_015774835.1_ASM1577483v1"
8	"0"	"0"	0	"MSSA"	"GCA_015774855.1_ASM1577485v1"
15	"100.00"	"0"	0	"MRSA"	"GCA_015999445.1_ASM1599944v1"
10	"0"	"100.00"	0	"MRSA"	"GCA_016065215.1_ASM1606521v1"
8	"0"	"0"	0	"MSSA"	"GCA_016413705.1_ASM1641370v1"
8	"0"	"0"	0	"MSSA"	"GCA_016413725.1_ASM1641372v1"
8	"0"	"0"	0	"MSSA"	"GCA_016415205.2_ASM1641520v2"
12	"100.00"	"100.00"	0	"MRSA"	"GCA_016496025.1_ASM1649602v1"
15	"100.00"	"100.00"	0	"MRSA"	"GCA_016591995.1_ASM1659199v1"
10	"100.00"	"0"	0	"MRSA"	"GCA_016727585.1_ASM1672758v1"
15	"100.00"	"0"	0	"MRSA"	"GCA_016889145.1_ASM1688914v1"
15	"100.00"	"0"	0	"MRSA"	"GCA_016889945.1_ASM1688994v1"
10	"100.00"	"0"	0	"MRSA"	"GCA_016894285.1_ASM1689428v1"
12	"100.00"	"100.00"	0	"MRSA"	"GCA_017088305.1_ASM1708830v1"
11	"100.00"	"100.00"	0	"MRSA"	"GCA_017088385.1_ASM1708838v1"
8	"0"	"0"	0	"MSSA"	"GCA_017161095.1_ASM1716109v1"
10	"100.00"	"0"	0	"MRSA"	"GCA_017798245.1_ASM1779824v1"
17	"100.00;99.88"	"0"	0	"MRSA"	"GCA_018075265.1_ASM1807526v1"
9	"100.00"	"0"	0	"MRSA"	"GCA_018093065.1_ASM1809306v1"
10	"100.00"	"0"	0	"MRSA"	"GCA_018093105.1_ASM1809310v1"
9	"0"	"0"	0	"MSSA"	"GCA_018093205.1_ASM1809320v1"
10	"100.00"	"0"	0	"MRSA"	"GCA_018093225.1_ASM1809322v1"
12	"100.00"	"100.00"	0	"MRSA"	"GCA_018135565.1_ASM1813556v1"
10	"100.00"	"0"	0	"MRSA"	"GCA_018141385.1_ASM1814138v1"
16	"100.00"	"100.00"	0	"MRSA"	"GCA_018336515.1_ASM1833651v1"
16	"100.00"	"100.00"	0	"MRSA"	"GCA_018336535.1_ASM1833653v1"
11	"100.00"	"0"	0	"MRSA"	"GCA_018399115.1_ASM1839911v1"
18	"100.00"	"100.00"	0	"MRSA"	"GCA_018409145.1_ASM1840914v1"
9	"0"	"0"	0	"MSSA"	"GCA_018732165.1_ASM1873216v1"
9	"0"	"0"	0	"MSSA"	"GCA_018968725.1_ASM1896872v1"
14	"99.76"	"100.00"	0	"MRSA"	"GCA_018987325.1_ASM1898732v1"
14	"100.00"	"100.00"	0	"MRSA"	"GCA_018987345.1_ASM1898734v1"
12	"0"	"100.00"	0	"MRSA"	"GCA_018987365.1_ASM1898736v1"
19	"100.00;100.00"	"100.00"	0	"MRSA"	"GCA_019134615.1_ASM1913461v1"
18	"100.00"	"0"	0	"MRSA"	"GCA_019134635.1_ASM1913463v1"
10	"0"	"0"	0	"MSSA"	"GCA_019334585.1_ASM1933458v1"
11	"100.00"	"100.00"	0	"MRSA"	"GCA_019550875.1_ASM1955087v1"
16	"0"	"100.00"	0	"MRSA"	"GCA_019550945.1_ASM1955094v1"
14	"0"	"100.00"	0	"MRSA"	"GCA_019551035.1_ASM1955103v1"
16	"0"	"100.00"	0	"MRSA"	"GCA_019551095.1_ASM1955109v1"
16	"100.00"	"100.00"	0	"MRSA"	"GCA_019551175.1_ASM1955117v1"
15	"100.00"	"100.00"	0	"MRSA"	"GCA_019551235.1_ASM1955123v1"
14	"0"	"100.00"	0	"MRSA"	"GCA_019551315.1_ASM1955131v1"
12	"100.00"	"100.00"	0	"MRSA"	"GCA_019551355.1_ASM1955135v1"
17	"100.00"	"100.00"	0	"MRSA"	"GCA_019551375.1_ASM1955137v1"
16	"100.00"	"100.00"	0	"MRSA"	"GCA_019551415.1_ASM1955141v1"
10	"100.00"	"100.00"	0	"MRSA"	"GCA_019603375.1_ASM1960337v1"
11	"0"	"100.00"	0	"MRSA"	"GCA_019653615.1_ASM1965361v1"
14	"100.00"	"100.00"	0	"MRSA"	"GCA_019669165.1_ASM1966916v1"
14	"100.00"	"100.00"	0	"MRSA"	"GCA_019669245.1_ASM1966924v1"
12	"100.00"	"100.00"	0	"MRSA"	"GCA_019669345.1_ASM1966934v1"
10	"100.00"	"0"	0	"MRSA"	"GCA_019669385.1_ASM1966938v1"
15	"100.00"	"100.00"	0	"MRSA"	"GCA_019738975.1_ASM1973897v1"
8	"0"	"0"	0	"MSSA"	"GCA_019915405.1_ASM1991540v1"
10	"100.00"	"0"	0	"MRSA"	"GCA_019915425.1_ASM1991542v1"
14	"100.00"	"100.00"	0	"MRSA"	"GCA_019915585.1_ASM1991558v1"
13	"100.00"	"100.00"	0	"MRSA"	"GCA_020003145.1_ASM2000314v1"
15	"100.00"	"100.00"	0	"MRSA"	"GCA_020003165.1_ASM2000316v1"
10	"100.00"	"0"	0	"MRSA"	"GCA_020023695.1_ASM2002369v1"
10	"100.00"	"0"	0	"MRSA"	"GCA_020023715.1_ASM2002371v1"
10	"100.00"	"0"	0	"MRSA"	"GCA_020025335.1_ASM2002533v1"
10	"100.00"	"0"	0	"MRSA"	"GCA_020025495.1_ASM2002549v1"
10	"100.00"	"0"	0	"MRSA"	"GCA_020025645.1_ASM2002564v1"
10	"100.00"	"0"	0	"MRSA"	"GCA_020025805.1_ASM2002580v1"
10	"100.00"	"0"	0	"MRSA"	"GCA_020025995.1_ASM2002599v1"
10	"100.00"	"0"	0	"MRSA"	"GCA_020026135.1_ASM2002613v1"
14	"100.00"	"100.00"	0	"MRSA"	"GCA_020034535.1_ASM2003453v1"
14	"100.00"	"100.00"	0	"MRSA"	"GCA_020042725.1_ASM2004272v1"
12	"100.00"	"100.00"	0	"MRSA"	"GCA_020097755.1_ASM2009775v1"
15	"100.00;100.00"	"0"	0	"MRSA"	"GCA_020150575.1_ASM2015057v1"
12	"100.00"	"100.00"	0	"MRSA"	"GCA_020150915.1_ASM2015091v1"
17	"100.00"	"100.00"	0	"MRSA"	"GCA_020177155.3_ASM2017715v3"
9	"0"	"0"	0	"MSSA"	"GCA_020386595.1_ASM2038659v1"
9	"0"	"0"	0	"MSSA"	"GCA_020388075.1_ASM2038807v1"
9	"0"	"0"	0	"MSSA"	"GCA_020388095.1_ASM2038809v1"
9	"0"	"0"	0	"MSSA"	"GCA_020388115.1_ASM2038811v1"
9	"0"	"0"	0	"MSSA"	"GCA_020388135.1_ASM2038813v1"
9	"0"	"0"	0	"MSSA"	"GCA_020388155.1_ASM2038815v1"
9	"0"	"0"	0	"MSSA"	"GCA_020388175.1_ASM2038817v1"
9	"0"	"0"	0	"MSSA"	"GCA_020388195.1_ASM2038819v1"
9	"0"	"0"	0	"MSSA"	"GCA_020388215.1_ASM2038821v1"
8	"0"	"0"	0	"MSSA"	"GCA_020388235.1_ASM2038823v1"
8	"0"	"0"	0	"MSSA"	"GCA_020388255.1_ASM2038825v1"
8	"0"	"0"	0	"MSSA"	"GCA_020388295.1_ASM2038829v1"
8	"0"	"0"	0	"MSSA"	"GCA_020388315.1_ASM2038831v1"
8	"0"	"0"	0	"MSSA"	"GCA_020388335.1_ASM2038833v1"
11	"100.00"	"0"	0	"MRSA"	"GCA_020388355.1_ASM2038835v1"
11	"100.00;100.00"	"0"	0	"MRSA"	"GCA_020388395.1_ASM2038839v1"
11	"100.00;100.00"	"0"	0	"MRSA"	"GCA_020388555.1_ASM2038855v1"
11	"100.00;100.00"	"0"	0	"MRSA"	"GCA_020388655.1_ASM2038865v1"
11	"100.00;100.00"	"0"	0	"MRSA"	"GCA_020388675.1_ASM2038867v1"
11	"100.00;100.00;100.00"	"0"	0	"MRSA"	"GCA_020388695.1_ASM2038869v1"
9	"0"	"0"	0	"MSSA"	"GCA_020388715.1_ASM2038871v1"
9	"0"	"0"	0	"MSSA"	"GCA_020388765.1_ASM2038876v1"
8	"0"	"0"	0	"MSSA"	"GCA_020388785.1_ASM2038878v1"
8	"0"	"0"	0	"MSSA"	"GCA_020388805.1_ASM2038880v1"
8	"0"	"0"	0	"MSSA"	"GCA_020388825.1_ASM2038882v1"
9	"100.00;100.00;94.68"	"0"	0	"MRSA"	"GCA_020388885.1_ASM2038888v1"
10	"100.00"	"0"	0	"MRSA"	"GCA_020388905.1_ASM2038890v1"
10	"100.00"	"0"	0	"MRSA"	"GCA_020388925.1_ASM2038892v1"
10	"100.00"	"0"	0	"MRSA"	"GCA_020388965.1_ASM2038896v1"
8	"0"	"0"	0	"MSSA"	"GCA_020388985.1_ASM2038898v1"
8	"0"	"0"	0	"MSSA"	"GCA_020389005.1_ASM2038900v1"
10	"100.00"	"0"	0	"MRSA"	"GCA_020389025.2_ASM2038902v2"
8	"0"	"0"	0	"MSSA"	"GCA_020389165.1_ASM2038916v1"
10	"100.00"	"0"	0	"MRSA"	"GCA_020389265.1_ASM2038926v1"
9	"0"	"0"	0	"MSSA"	"GCA_020389325.1_ASM2038932v1"
9	"0"	"0"	0	"MSSA"	"GCA_020389425.1_ASM2038942v1"
9	"0"	"0"	0	"MSSA"	"GCA_020389445.1_ASM2038944v1"
8	"0"	"0"	0	"MSSA"	"GCA_020389485.1_ASM2038948v1"
8	"0"	"0"	0	"MSSA"	"GCA_020389505.1_ASM2038950v1"
8	"0"	"0"	0	"MSSA"	"GCA_020389525.1_ASM2038952v1"
8	"0"	"0"	0	"MSSA"	"GCA_020389545.1_ASM2038954v1"
8	"0"	"0"	0	"MSSA"	"GCA_020389565.1_ASM2038956v1"
9	"0"	"0"	0	"MSSA"	"GCA_020526105.1_ASM2052610v1"
14	"100.00"	"0"	0	"MRSA"	"GCA_020702135.2_ASM2070213v2"
14	"100.00"	"100.00"	0	"MRSA"	"GCA_020702515.2_ASM2070251v2"
9	"100.00"	"0"	0	"MRSA"	"GCA_020702535.2_ASM2070253v2"
14	"100.00"	"100.00"	0	"MRSA"	"GCA_020702545.2_ASM2070254v2"
10	"100.00"	"100.00"	0	"MRSA"	"GCA_020702575.2_ASM2070257v2"
14	"100.00"	"100.00"	0	"MRSA"	"GCA_020702585.2_ASM2070258v2"
10	"100.00"	"100.00"	0	"MRSA"	"GCA_020702615.2_ASM2070261v2"
9	"0"	"100.00"	0	"MRSA"	"GCA_020881895.1_ASM2088189v1"
10	"100.00"	"0"	0	"MRSA"	"GCA_020886635.1_ASM2088663v1"
12	"100.00"	"100.00"	0	"MRSA"	"GCA_020887155.1_ASM2088715v1"
9	"100.00"	"0"	0	"MRSA"	"GCA_020887215.1_ASM2088721v1"
8	"0"	"0"	0	"MSSA"	"GCA_020889645.1_ASM2088964v1"
9	"0"	"0"	0	"MSSA"	"GCA_020889665.1_ASM2088966v1"
12	"100.00"	"0"	0	"MRSA"	"GCA_020906975.2_ASM2090697v2"
9	"0"	"0"	0	"MSSA"	"GCA_020985245.1_ASM2098524v1"
15	"100.00"	"97.56;100.00"	0	"MRSA"	"GCA_020997475.1_ASM2099747v1"
15	"100.00"	"100.00"	0	"MRSA"	"GCA_020997495.1_ASM2099749v1"
19	"100.00"	"100.00"	0	"MRSA"	"GCA_020997515.1_ASM2099751v1"
10	"100.00"	"0"	0	"MRSA"	"GCA_021172825.1_ASM2117282v1"
9	"100.00"	"0"	0	"MRSA"	"GCA_021172845.1_ASM2117284v1"
12	"100.00;100.00;100.00"	"0"	0	"MRSA"	"GCA_021172865.1_ASM2117286v1"
13	"100.00"	"100.00"	0	"MRSA"	"GCA_021172885.1_ASM2117288v1"
17	"100.00"	"100.00"	0	"MRSA"	"GCA_021172905.1_ASM2117290v1"
11	"100.00;100.00"	"100.00"	0	"MRSA"	"GCA_021172925.1_ASM2117292v1"
15	"100.00"	"100.00"	0	"MRSA"	"GCA_021172945.1_ASM2117294v1"
11	"100.00"	"100.00"	0	"MRSA"	"GCA_021249285.1_ASM2124928v1"
9	"0"	"0"	0	"MSSA"	"GCA_021390135.1_ASM2139013v1"
9	"0"	"0"	0	"MSSA"	"GCA_021491715.1_ASM2149171v1"
9	"0"	"0"	0	"MSSA"	"GCA_021491735.1_ASM2149173v1"
10	"0"	"0"	0	"MSSA"	"GCA_021491775.1_ASM2149177v1"
10	"0"	"0"	0	"MSSA"	"GCA_021491835.1_ASM2149183v1"
8	"0"	"0"	0	"MSSA"	"GCA_021491895.1_ASM2149189v1"
9	"100.00"	"0"	0	"MRSA"	"GCA_021513355.1_ASM2151335v1"
10	"100.00"	"0"	0	"MRSA"	"GCA_021725475.1_ASM2172547v1"
14	"0"	"100.00"	0	"MRSA"	"GCA_021869805.1_ASM2186980v1"
10	"100.00"	"0"	0	"MRSA"	"GCA_022163365.1_ASM2216336v1"
10	"100.00"	"0"	0	"MRSA"	"GCA_022163485.1_ASM2216348v1"
19	"100.00"	"100.00"	0	"MRSA"	"GCA_022221525.1_ASM2222152v1"
17	"100.00"	"100.00"	0	"MRSA"	"GCA_022221545.1_ASM2222154v1"
11	"100.00"	"100.00"	0	"MRSA"	"GCA_022221565.1_ASM2222156v1"
8	"0"	"0"	0	"MSSA"	"GCA_022226975.1_ASM2222697v1"
10	"100.00"	"0"	0	"MRSA"	"GCA_022226995.1_ASM2222699v1"
10	"100.00;100.00"	"0"	0	"MRSA"	"GCA_022369535.1_ASM2236953v1"
15	"100.00"	"100.00"	0	"MRSA"	"GCA_022369595.1_ASM2236959v1"
9	"100.00"	"0"	0	"MRSA"	"GCA_022369695.1_ASM2236969v1"
13	"100.00"	"0"	0	"MRSA"	"GCA_022385275.1_ASM2238527v1"
14	"100.00"	"0"	0	"MRSA"	"GCA_022404575.1_ASM2240457v1"
9	"100.00"	"0"	0	"MRSA"	"GCA_022404595.1_ASM2240459v1"
15	"100.00"	"100.00"	0	"MRSA"	"GCA_022404615.1_ASM2240461v1"
9	"100.00"	"0"	0	"MRSA"	"GCA_022404635.1_ASM2240463v1"
10	"100.00"	"0"	0	"MRSA"	"GCA_022404655.1_ASM2240465v1"
10	"100.00"	"0"	0	"MRSA"	"GCA_022404675.1_ASM2240467v1"
9	"100.00"	"0"	0	"MRSA"	"GCA_022404695.1_ASM2240469v1"
10	"100.00"	"0"	0	"MRSA"	"GCA_022404715.1_ASM2240471v1"
8	"0"	"0"	0	"MSSA"	"GCA_022404735.1_ASM2240473v1"
9	"100.00"	"0"	0	"MRSA"	"GCA_022404755.1_ASM2240475v1"
9	"100.00"	"0"	0	"MRSA"	"GCA_022404775.1_ASM2240477v1"
10	"100.00"	"0"	0	"MRSA"	"GCA_022405055.1_ASM2240505v1"
9	"0"	"0"	0	"MSSA"	"GCA_022405075.1_ASM2240507v1"
10	"100.00"	"100.00"	0	"MRSA"	"GCA_022405145.1_ASM2240514v1"
11	"100.00"	"0"	0	"MRSA"	"GCA_022405185.1_ASM2240518v1"
9	"0"	"0"	0	"MSSA"	"GCA_022405205.1_ASM2240520v1"
9	"100.00"	"0"	0	"MRSA"	"GCA_022405235.1_ASM2240523v1"
9	"0"	"0"	0	"MSSA"	"GCA_022405255.1_ASM2240525v1"
10	"100.00"	"0"	0	"MRSA"	"GCA_022405275.1_ASM2240527v1"
9	"100.00"	"0"	0	"MRSA"	"GCA_022405295.1_ASM2240529v1"
10	"100.00"	"0"	0	"MRSA"	"GCA_022405315.1_ASM2240531v1"
9	"100.00"	"0"	0	"MRSA"	"GCA_022405335.1_ASM2240533v1"
15	"100.00"	"100.00"	0	"MRSA"	"GCA_022405355.1_ASM2240535v1"
10	"100.00"	"0"	0	"MRSA"	"GCA_022405375.1_ASM2240537v1"
10	"100.00"	"0"	0	"MRSA"	"GCA_022405395.1_ASM2240539v1"
10	"0"	"0"	0	"MSSA"	"GCA_022405415.1_ASM2240541v1"
10	"100.00"	"0"	0	"MRSA"	"GCA_022405435.1_ASM2240543v1"
10	"100.00"	"0"	0	"MRSA"	"GCA_022405455.1_ASM2240545v1"
10	"100.00"	"0"	0	"MRSA"	"GCA_022405475.1_ASM2240547v1"
10	"100.00"	"0"	0	"MRSA"	"GCA_022405495.1_ASM2240549v1"
9	"100.00"	"0"	0	"MRSA"	"GCA_022405515.1_ASM2240551v1"
10	"100.00"	"0"	0	"MRSA"	"GCA_022405535.1_ASM2240553v1"
10	"100.00"	"0"	0	"MRSA"	"GCA_022405555.1_ASM2240555v1"
9	"100.00"	"0"	0	"MRSA"	"GCA_022405575.1_ASM2240557v1"
10	"100.00"	"0"	0	"MRSA"	"GCA_022405595.1_ASM2240559v1"
10	"100.00"	"0"	0	"MRSA"	"GCA_022405615.1_ASM2240561v1"
9	"0"	"0"	0	"MSSA"	"GCA_022405655.1_ASM2240565v1"
10	"100.00"	"0"	0	"MRSA"	"GCA_022405675.1_ASM2240567v1"
8	"0"	"0"	0	"MSSA"	"GCA_022405735.1_ASM2240573v1"
9	"0"	"0"	0	"MSSA"	"GCA_022405755.1_ASM2240575v1"
10	"100.00"	"0"	0	"MRSA"	"GCA_022405775.1_ASM2240577v1"
8	"0"	"0"	0	"MSSA"	"GCA_022405795.1_ASM2240579v1"
10	"100.00"	"0"	0	"MRSA"	"GCA_022405815.1_ASM2240581v1"
10	"100.00"	"0"	0	"MRSA"	"GCA_022405835.1_ASM2240583v1"
9	"0"	"0"	0	"MSSA"	"GCA_022405855.1_ASM2240585v1"
9	"100.00"	"0"	0	"MRSA"	"GCA_022405875.1_ASM2240587v1"
15	"100.00"	"100.00"	0	"MRSA"	"GCA_022405895.1_ASM2240589v1"
9	"0"	"0"	0	"MSSA"	"GCA_022405915.1_ASM2240591v1"
9	"0"	"0"	0	"MSSA"	"GCA_022405935.1_ASM2240593v1"
9	"0"	"0"	0	"MSSA"	"GCA_022405955.1_ASM2240595v1"
10	"100.00"	"0"	0	"MRSA"	"GCA_022405975.1_ASM2240597v1"
9	"0"	"0"	0	"MSSA"	"GCA_022405995.1_ASM2240599v1"
10	"100.00"	"0"	0	"MRSA"	"GCA_022406015.1_ASM2240601v1"
10	"100.00"	"0"	0	"MRSA"	"GCA_022406035.1_ASM2240603v1"
10	"100.00"	"0"	0	"MRSA"	"GCA_022406055.1_ASM2240605v1"
9	"0"	"0"	0	"MSSA"	"GCA_022406075.1_ASM2240607v1"
8	"0"	"0"	0	"MSSA"	"GCA_022406125.1_ASM2240612v1"
10	"100.00"	"0"	0	"MRSA"	"GCA_022406315.1_ASM2240631v1"
8	"0"	"0"	0	"MSSA"	"GCA_022406435.1_ASM2240643v1"
8	"0"	"0"	0	"MSSA"	"GCA_022406555.1_ASM2240655v1"
20	"100.00;100.00"	"100.00"	0	"MRSA"	"GCA_022406675.1_ASM2240667v1"
10	"100.00"	"0"	0	"MRSA"	"GCA_022406795.1_ASM2240679v1"
9	"0"	"0"	0	"MSSA"	"GCA_022493095.1_ASM2249309v1"
10	"0"	"100.00"	0	"MRSA"	"GCA_022494545.1_ASM2249454v1"
12	"0"	"100.00"	0	"MRSA"	"GCA_022494565.1_ASM2249456v1"
11	"100.00"	"100.00"	0	"MRSA"	"GCA_022532145.1_ASM2253214v1"
12	"0"	"100.00"	0	"MRSA"	"GCA_022682325.1_ASM2268232v1"
27	"100.00"	"100.00"	0	"MRSA"	"GCA_022691325.1_ASM2269132v1"
27	"100.00"	"100.00"	0	"MRSA"	"GCA_022691345.1_ASM2269134v1"
15	"100.00"	"100.00"	0	"MRSA"	"GCA_022691365.1_ASM2269136v1"
15	"100.00"	"100.00"	0	"MRSA"	"GCA_022691385.1_ASM2269138v1"
15	"100.00"	"100.00"	0	"MRSA"	"GCA_022691405.1_ASM2269140v1"
15	"100.00"	"100.00"	0	"MRSA"	"GCA_022691425.1_ASM2269142v1"
27	"100.00"	"100.00"	0	"MRSA"	"GCA_022693165.1_ASM2269316v1"
27	"100.00"	"100.00"	0	"MRSA"	"GCA_022693185.1_ASM2269318v1"
26	"100.00"	"0"	0	"MRSA"	"GCA_022693205.1_ASM2269320v1"
26	"100.00"	"0"	0	"MRSA"	"GCA_022693225.1_ASM2269322v1"
27	"100.00"	"100.00"	0	"MRSA"	"GCA_022693245.1_ASM2269324v1"
27	"100.00"	"100.00"	0	"MRSA"	"GCA_022693265.1_ASM2269326v1"
27	"100.00"	"100.00"	0	"MRSA"	"GCA_022693285.1_ASM2269328v1"
27	"100.00"	"100.00"	0	"MRSA"	"GCA_022693305.1_ASM2269330v1"
27	"100.00"	"100.00"	0	"MRSA"	"GCA_022693325.1_ASM2269332v1"
12	"100.00;100.00"	"100.00"	0	"MRSA"	"GCA_022699245.1_ASM2269924v1"
12	"100.00"	"100.00"	0	"MRSA"	"GCA_022699265.1_ASM2269926v1"
12	"100.00"	"100.00"	0	"MRSA"	"GCA_022699285.1_ASM2269928v1"
16	"0"	"100.00"	0	"MRSA"	"GCA_022809795.1_ASM2280979v1"
17	"100.00"	"100.00"	0	"MRSA"	"GCA_022832755.1_ASM2283275v1"
10	"100.00"	"0"	0	"MRSA"	"GCA_022832775.1_ASM2283277v1"
17	"100.00"	"100.00"	0	"MRSA"	"GCA_022832835.1_ASM2283283v1"
9	"0"	"0"	0	"MSSA"	"GCA_022869625.1_ASM2286962v1"
16	"100.00"	"100.00"	0	"MRSA"	"GCA_022870005.1_ASM2287000v1"
10	"100.00"	"0"	0	"MRSA"	"GCA_022870465.1_ASM2287046v1"
14	"0"	"100.00"	0	"MRSA"	"GCA_022870625.1_ASM2287062v1"
11	"100.00"	"100.00"	0	"MRSA"	"GCA_023170025.1_ASM2317002v1"
13	"100.00"	"100.00"	0	"MRSA"	"GCA_023170045.1_ASM2317004v1"
10	"100.00"	"100.00"	0	"MRSA"	"GCA_023223475.1_ASM2322347v1"
9	"0"	"0"	0	"MSSA"	"GCA_023278065.1_ASM2327806v1"
11	"0"	"100.00"	0	"MRSA"	"GCA_023373745.1_ASM2337374v1"
9	"0"	"0"	0	"MSSA"	"GCA_023571465.1_ASM2357146v1"
9	"0"	"0"	0	"MSSA"	"GCA_023657535.1_ASM2365753v1"
9	"0"	"0"	0	"MSSA"	"GCA_023657555.1_ASM2365755v1"
9	"0"	"0"	0	"MSSA"	"GCA_023657575.1_ASM2365757v1"
10	"100.00"	"0"	0	"MRSA"	"GCA_023658665.1_ASM2365866v1"
11	"100.00"	"100.00"	0	"MRSA"	"GCA_024172245.1_ASM2417224v1"
18	"0"	"100.00"	0	"MRSA"	"GCA_024205325.1_ASM2420532v1"
8	"100.00"	"0"	0	"MRSA"	"GCA_024220055.1_ASM2422005v1"
9	"0"	"0"	0	"MSSA"	"GCA_024296825.1_ASM2429682v1"
10	"100.00;100.00"	"0"	0	"MRSA"	"GCA_024296845.1_ASM2429684v1"
11	"100.00"	"100.00"	0	"MRSA"	"GCA_024363305.1_ASM2436330v1"
11	"100.00"	"100.00"	0	"MRSA"	"GCA_024363325.1_ASM2436332v1"
11	"100.00"	"100.00"	0	"MRSA"	"GCA_024363345.1_ASM2436334v1"
11	"100.00"	"100.00"	0	"MRSA"	"GCA_024363365.1_ASM2436336v1"
11	"100.00"	"100.00"	0	"MRSA"	"GCA_024363385.1_ASM2436338v1"
11	"100.00"	"100.00"	0	"MRSA"	"GCA_024363445.1_ASM2436344v1"
11	"100.00"	"100.00"	0	"MRSA"	"GCA_024363465.1_ASM2436346v1"
13	"100.00"	"100.00"	0	"MRSA"	"GCA_024363485.1_ASM2436348v1"
11	"100.00"	"100.00;100.00"	0	"MRSA"	"GCA_024363505.1_ASM2436350v1"
8	"0"	"0"	0	"MSSA"	"GCA_024399355.1_ASM2439935v1"
9	"0"	"0"	0	"MSSA"	"GCA_024399375.1_ASM2439937v1"
9	"0"	"0"	0	"MSSA"	"GCA_024612055.1_ASM2461205v1"
8	"0"	"0"	0	"MSSA"	"GCA_024723375.2_ASM2472337v2"
9	"0"	"0"	0	"MSSA"	"GCA_024734775.1_ASM2473477v1"
9	"0"	"0"	0	"MSSA"	"GCA_024741355.1_ASM2474135v1"
9	"0"	"0"	0	"MSSA"	"GCA_024741375.1_ASM2474137v1"
9	"0"	"0"	0	"MSSA"	"GCA_024741395.1_ASM2474139v1"
8	"0"	"0"	0	"MSSA"	"GCA_024741415.1_ASM2474141v1"
9	"0"	"0"	0	"MSSA"	"GCA_024741435.1_ASM2474143v1"
9	"0"	"0"	0	"MSSA"	"GCA_024741455.1_ASM2474145v1"
9	"0"	"0"	0	"MSSA"	"GCA_024741475.1_ASM2474147v1"
8	"0"	"0"	0	"MSSA"	"GCA_024741495.1_ASM2474149v1"
9	"0"	"0"	0	"MSSA"	"GCA_024741515.1_ASM2474151v1"
9	"0"	"0"	0	"MSSA"	"GCA_024741535.1_ASM2474153v1"
8	"0"	"0"	0	"MSSA"	"GCA_024741555.1_ASM2474155v1"
8	"0"	"0"	0	"MSSA"	"GCA_024741575.1_ASM2474157v1"
9	"0"	"0"	0	"MSSA"	"GCA_024741595.1_ASM2474159v1"
9	"0"	"0"	0	"MSSA"	"GCA_024741615.1_ASM2474161v1"
8	"0"	"0"	0	"MSSA"	"GCA_024741635.1_ASM2474163v1"
8	"0"	"0"	0	"MSSA"	"GCA_024741655.1_ASM2474165v1"
9	"0"	"0"	0	"MSSA"	"GCA_024741675.1_ASM2474167v1"
9	"0"	"0"	0	"MSSA"	"GCA_024741695.1_ASM2474169v1"
9	"0"	"0"	0	"MSSA"	"GCA_024741715.1_ASM2474171v1"
9	"0"	"0"	0	"MSSA"	"GCA_024741735.1_ASM2474173v1"
12	"99.88"	"100.00"	0	"MRSA"	"GCA_024741755.1_ASM2474175v1"
8	"0"	"0"	0	"MSSA"	"GCA_024741775.1_ASM2474177v1"
8	"0"	"0"	0	"MSSA"	"GCA_024805795.2_ASM2480579v2"
14	"0"	"100.00"	0	"MRSA"	"GCA_024925485.1_ASM2492548v1"
14	"0"	"100.00"	0	"MRSA"	"GCA_024972975.1_ASM2497297v1"
15	"100.00"	"100.00"	0	"MRSA"	"GCA_025152705.1_ASM2515270v1"
15	"100.00"	"100.00"	0	"MRSA"	"GCA_025232045.1_ASM2523204v1"
14	"0"	"100.00"	0	"MRSA"	"GCA_025259685.1_ASM2525968v1"
10	"100.00;100.00;100.00;100.00;100.00;100.00"	"100.00"	0	"MRSA"	"GCA_025398055.1_ASM2539805v1"
9	"0"	"0"	0	"MSSA"	"GCA_025558945.1_ASM2555894v1"
9	"0"	"0"	0	"MSSA"	"GCA_025558965.1_ASM2555896v1"
10	"0"	"0"	0	"MSSA"	"GCA_025559005.1_ASM2555900v1"
9	"0"	"0"	0	"MSSA"	"GCA_025559045.1_ASM2555904v1"
10	"0"	"0"	0	"MSSA"	"GCA_025559085.1_ASM2555908v1"
10	"0"	"0"	0	"MSSA"	"GCA_025559125.1_ASM2555912v1"
9	"0"	"0"	0	"MSSA"	"GCA_025559165.1_ASM2555916v1"
10	"0"	"0"	0	"MSSA"	"GCA_025559225.1_ASM2555922v1"
9	"0"	"0"	0	"MSSA"	"GCA_025559265.1_ASM2555926v1"
10	"0"	"0"	0	"MSSA"	"GCA_025559325.1_ASM2555932v1"
8	"0"	"0"	0	"MSSA"	"GCA_025559405.1_ASM2555940v1"
8	"0"	"0"	0	"MSSA"	"GCA_025559465.1_ASM2555946v1"
9	"0"	"0"	0	"MSSA"	"GCA_025559525.1_ASM2555952v1"
8	"0"	"0"	0	"MSSA"	"GCA_025559565.1_ASM2555956v1"
9	"0"	"0"	0	"MSSA"	"GCA_025559585.1_ASM2555958v1"
9	"0"	"0"	0	"MSSA"	"GCA_025559605.1_ASM2555960v1"
9	"0"	"0"	0	"MSSA"	"GCA_025559625.1_ASM2555962v1"
8	"0"	"0"	0	"MSSA"	"GCA_025559645.1_ASM2555964v1"
9	"0"	"0"	0	"MSSA"	"GCA_025559665.1_ASM2555966v1"
9	"0"	"0"	0	"MSSA"	"GCA_025559685.1_ASM2555968v1"
9	"0"	"0"	0	"MSSA"	"GCA_025559705.1_ASM2555970v1"
9	"0"	"0"	0	"MSSA"	"GCA_025559725.1_ASM2555972v1"
9	"0"	"0"	0	"MSSA"	"GCA_025559745.1_ASM2555974v1"
9	"0"	"0"	0	"MSSA"	"GCA_025559765.1_ASM2555976v1"
9	"0"	"0"	0	"MSSA"	"GCA_025559785.1_ASM2555978v1"
9	"0"	"0"	0	"MSSA"	"GCA_025559805.1_ASM2555980v1"
8	"0"	"0"	0	"MSSA"	"GCA_025560785.1_ASM2556078v1"
8	"0"	"0"	0	"MSSA"	"GCA_025560805.1_ASM2556080v1"
9	"0"	"0"	0	"MSSA"	"GCA_025560825.1_ASM2556082v1"
8	"0"	"0"	0	"MSSA"	"GCA_025561585.1_ASM2556158v1"
10	"0"	"0"	0	"MSSA"	"GCA_025561605.1_ASM2556160v1"
8	"0"	"0"	0	"MSSA"	"GCA_025561625.1_ASM2556162v1"
8	"0"	"0"	0	"MSSA"	"GCA_025561645.1_ASM2556164v1"
9	"100.00"	"0"	0	"MRSA"	"GCA_025643635.1_ASM2564363v1"
9	"0"	"0"	0	"MSSA"	"GCA_026167725.1_ASM2616772v1"
9	"0"	"0"	0	"MSSA"	"GCA_026167765.1_ASM2616776v1"
16	"100.00"	"100.00"	0	"MRSA"	"GCA_026546985.1_ASM2654698v1"
13	"0"	"100.00"	0	"MRSA"	"GCA_026547005.1_ASM2654700v1"
15	"100.00"	"100.00"	0	"MRSA"	"GCA_026547035.1_ASM2654703v1"
15	"100.00"	"100.00"	0	"MRSA"	"GCA_026547055.1_ASM2654705v1"
19	"100.00"	"100.00"	0	"MRSA"	"GCA_026547075.1_ASM2654707v1"
15	"100.00"	"100.00"	0	"MRSA"	"GCA_026547095.1_ASM2654709v1"
14	"100.00"	"100.00"	0	"MRSA"	"GCA_026547145.1_ASM2654714v1"
20	"100.00"	"100.00"	0	"MRSA"	"GCA_026547185.1_ASM2654718v1"
19	"100.00"	"100.00"	0	"MRSA"	"GCA_026625205.1_ASM2662520v1"
19	"100.00"	"100.00"	0	"MRSA"	"GCA_026625225.1_ASM2662522v1"
19	"100.00"	"100.00"	0	"MRSA"	"GCA_026625245.1_ASM2662524v1"
19	"100.00"	"100.00"	0	"MRSA"	"GCA_026625265.1_ASM2662526v1"
19	"100.00;100.00"	"100.00"	0	"MRSA"	"GCA_026625285.1_ASM2662528v1"
20	"100.00"	"100.00"	0	"MRSA"	"GCA_026625305.1_ASM2662530v1"
12	"100.00;100.00;100.00"	"100.00"	0	"MRSA"	"GCA_026625325.1_ASM2662532v1"
15	"100.00"	"100.00"	0	"MRSA"	"GCA_026625345.1_ASM2662534v1"
19	"100.00"	"100.00"	0	"MRSA"	"GCA_026625365.1_ASM2662536v1"
15	"100.00;100.00;100.00"	"100.00"	0	"MRSA"	"GCA_026625385.1_ASM2662538v1"
18	"0"	"100.00"	0	"MRSA"	"GCA_026625405.1_ASM2662540v1"
12	"100.00;99.65"	"100.00"	0	"MRSA"	"GCA_026625425.1_ASM2662542v1"
15	"100.00;99.65"	"100.00"	0	"MRSA"	"GCA_026625445.1_ASM2662544v1"
13	"100.00;100.00"	"100.00"	0	"MRSA"	"GCA_026625465.1_ASM2662546v1"
11	"100.00"	"99.85"	0	"MRSA"	"GCA_026625485.1_ASM2662548v1"
12	"100.00"	"100.00"	0	"MRSA"	"GCA_026625505.1_ASM2662550v1"
14	"100.00"	"100.00"	0	"MRSA"	"GCA_026625525.1_ASM2662552v1"
10	"0"	"100.00"	0	"MRSA"	"GCA_026625545.1_ASM2662554v1"
10	"100.00"	"0"	0	"MRSA"	"GCA_026625925.1_ASM2662592v1"
11	"100.00"	"0"	0	"MRSA"	"GCA_026636215.1_ASM2663621v1"
15	"99.88"	"100.00"	0	"MRSA"	"GCA_026636235.1_ASM2663623v1"
11	"100.00"	"100.00"	0	"MRSA"	"GCA_027920385.1_ASM2792038v1"
12	"100.00"	"100.00"	0	"MRSA"	"GCA_027942255.1_ASM2794225v1"
9	"0"	"100.00"	0	"MRSA"	"GCA_027942275.1_ASM2794227v1"
9	"100.00"	"0"	0	"MRSA"	"GCA_027943905.1_ASM2794390v1"
9	"100.00"	"0"	0	"MRSA"	"GCA_027943925.1_ASM2794392v1"
15	"100.00"	"100.00"	0	"MRSA"	"GCA_028596045.1_ASM2859604v1"
10	"100.00"	"0"	0	"MRSA"	"GCA_028596145.1_ASM2859614v1"
12	"100.00;100.00"	"0"	0	"MRSA"	"GCA_028596165.1_ASM2859616v1"
9	"0"	"0"	0	"MSSA"	"GCA_028596245.1_ASM2859624v1"
10	"100.00"	"0"	0	"MRSA"	"GCA_028743615.1_ASM2874361v1"
9	"0"	"0"	0	"MSSA"	"GCA_029011215.1_ASM2901121v1"
17	"100.00"	"100.00"	0	"MRSA"	"GCA_029094145.1_ASM2909414v1"
17	"100.00"	"100.00"	0	"MRSA"	"GCA_029094305.1_ASM2909430v1"
21	"100.00;100.00"	"100.00"	0	"MRSA"	"GCA_029167685.1_ASM2916768v1"
20	"100.00;100.00"	"99.95"	0	"MRSA"	"GCA_029167705.1_ASM2916770v1"
19	"100.00;100.00"	"100.00"	0	"MRSA"	"GCA_029204095.1_ASM2920409v1"
19	"100.00"	"100.00"	0	"MRSA"	"GCA_029204125.1_ASM2920412v1"
19	"100.00;100.00"	"100.00"	0	"MRSA"	"GCA_029204145.1_ASM2920414v1"
19	"100.00;100.00"	"100.00"	0	"MRSA"	"GCA_029204165.1_ASM2920416v1"
19	"100.00;99.88"	"100.00"	0	"MRSA"	"GCA_029278505.1_ASM2927850v1"
14	"100.00"	"100.00"	0	"MRSA"	"GCA_029625375.1_ASM2962537v1"
9	"100.00"	"0"	0	"MRSA"	"GCA_029634715.1_ASM2963471v1"
9	"100.00"	"0"	0	"MRSA"	"GCA_029634735.1_ASM2963473v1"
9	"100.00"	"0"	0	"MRSA"	"GCA_029634765.1_ASM2963476v1"
9	"100.00"	"0"	0	"MRSA"	"GCA_029634785.1_ASM2963478v1"
9	"100.00"	"0"	0	"MRSA"	"GCA_029634905.1_ASM2963490v1"
8	"0"	"0"	0	"MSSA"	"GCA_029635105.1_ASM2963510v1"
11	"100.00"	"100.00"	0	"MRSA"	"GCA_030014065.1_ASM3001406v1"
11	"100.00"	"100.00"	0	"MRSA"	"GCA_030014085.1_ASM3001408v1"
11	"100.00"	"100.00"	0	"MRSA"	"GCA_030015595.1_ASM3001559v1"
9	"100.00"	"0"	0	"MRSA"	"GCA_030063965.1_ASM3006396v1"
11	"100.00"	"0"	0	"MRSA"	"GCA_030063985.1_ASM3006398v1"
9	"99.88"	"0"	0	"MRSA"	"GCA_030064005.1_ASM3006400v1"
10	"99.88"	"0"	0	"MRSA"	"GCA_030064025.1_ASM3006402v1"
10	"99.88"	"0"	0	"MRSA"	"GCA_030064045.1_ASM3006404v1"
8	"0"	"0"	0	"MSSA"	"GCA_030127225.1_ASM3012722v1"
19	"100.00"	"100.00"	0	"MRSA"	"GCA_030168515.1_ASM3016851v1"
8	"0"	"0"	0	"MSSA"	"GCA_030219385.1_ASM3021938v1"
9	"100.00;100.00"	"0"	0	"MRSA"	"GCA_030219405.1_ASM3021940v1"
8	"0"	"0"	0	"MSSA"	"GCA_030219425.1_ASM3021942v1"
8	"0"	"0"	0	"MSSA"	"GCA_030219445.1_ASM3021944v1"
19	"100.00"	"100.00"	0	"MRSA"	"GCA_030252695.1_ASM3025269v1"
10	"99.88"	"0"	0	"MRSA"	"GCA_030252715.1_ASM3025271v1"
20	"100.00"	"99.95"	0	"MRSA"	"GCA_030252735.1_ASM3025273v1"
21	"100.00"	"100.00"	0	"MRSA"	"GCA_030252755.1_ASM3025275v1"
10	"100.00"	"0"	0	"MRSA"	"GCA_030252775.1_ASM3025277v1"
10	"100.00"	"0"	0	"MRSA"	"GCA_030287585.1_ASM3028758v1"
11	"100.00"	"100.00"	0	"MRSA"	"GCA_030287605.1_ASM3028760v1"
10	"100.00"	"0"	0	"MRSA"	"GCA_030287625.1_ASM3028762v1"
11	"100.00"	"100.00"	0	"MRSA"	"GCA_030287645.1_ASM3028764v1"
11	"100.00"	"100.00"	0	"MRSA"	"GCA_030287665.1_ASM3028766v1"
9	"0"	"0"	0	"MSSA"	"GCA_030287685.1_ASM3028768v1"
8	"0"	"0"	0	"MSSA"	"GCA_030287705.1_ASM3028770v1"
8	"0"	"0"	0	"MSSA"	"GCA_030287725.1_ASM3028772v1"
11	"100.00"	"100.00"	0	"MRSA"	"GCA_030287745.1_ASM3028774v1"
10	"100.00"	"0"	0	"MRSA"	"GCA_030287765.1_ASM3028776v1"
10	"100.00"	"0"	0	"MRSA"	"GCA_030287785.1_ASM3028778v1"
10	"100.00"	"0"	0	"MRSA"	"GCA_030287805.1_ASM3028780v1"
10	"100.00"	"0"	0	"MRSA"	"GCA_030287825.1_ASM3028782v1"
9	"0"	"0"	0	"MSSA"	"GCA_030287845.1_ASM3028784v1"
10	"100.00"	"0"	0	"MRSA"	"GCA_030287875.1_ASM3028787v1"
9	"100.00"	"0"	0	"MRSA"	"GCA_030287905.1_ASM3028790v1"
10	"100.00"	"100.00"	0	"MRSA"	"GCA_030287925.1_ASM3028792v1"
9	"100.00"	"0"	0	"MRSA"	"GCA_030288055.1_ASM3028805v1"
10	"100.00"	"100.00"	0	"MRSA"	"GCA_030288075.1_ASM3028807v1"
10	"100.00;100.00"	"0"	0	"MRSA"	"GCA_030288095.1_ASM3028809v1"
10	"100.00"	"0"	0	"MRSA"	"GCA_030288115.1_ASM3028811v1"
10	"100.00"	"0"	0	"MRSA"	"GCA_030288135.1_ASM3028813v1"
12	"100.00"	"100.00"	0	"MRSA"	"GCA_030288155.1_ASM3028815v1"
10	"100.00"	"0"	0	"MRSA"	"GCA_030288175.1_ASM3028817v1"
10	"100.00"	"100.00"	0	"MRSA"	"GCA_030288195.1_ASM3028819v1"
10	"100.00"	"0"	0	"MRSA"	"GCA_030288215.1_ASM3028821v1"
11	"100.00;100.00"	"100.00"	0	"MRSA"	"GCA_030288235.1_ASM3028823v1"
10	"100.00"	"0"	0	"MRSA"	"GCA_030288255.1_ASM3028825v1"
12	"100.00"	"100.00"	0	"MRSA"	"GCA_030288275.1_ASM3028827v1"
10	"100.00"	"0"	0	"MRSA"	"GCA_030288295.1_ASM3028829v1"
15	"100.00"	"0"	0	"MRSA"	"GCA_030288315.1_ASM3028831v1"
10	"100.00"	"0"	0	"MRSA"	"GCA_030288335.1_ASM3028833v1"
10	"99.88"	"0"	0	"MRSA"	"GCA_030288355.1_ASM3028835v1"
10	"100.00"	"100.00"	0	"MRSA"	"GCA_030288375.1_ASM3028837v1"
10	"100.00;100.00"	"0"	0	"MRSA"	"GCA_030288395.1_ASM3028839v1"
10	"100.00"	"0"	0	"MRSA"	"GCA_030288415.1_ASM3028841v1"
10	"100.00"	"0"	0	"MRSA"	"GCA_030288435.1_ASM3028843v1"
10	"100.00"	"0"	0	"MRSA"	"GCA_030288455.1_ASM3028845v1"
10	"100.00"	"0"	0	"MRSA"	"GCA_030288475.1_ASM3028847v1"
9	"0"	"0"	0	"MSSA"	"GCA_030288495.1_ASM3028849v1"
9	"100.00"	"0"	0	"MRSA"	"GCA_030288515.1_ASM3028851v1"
11	"100.00"	"0"	0	"MRSA"	"GCA_030288535.1_ASM3028853v1"
9	"0"	"0"	0	"MSSA"	"GCA_030288555.1_ASM3028855v1"
9	"100.00"	"0"	0	"MRSA"	"GCA_030288575.1_ASM3028857v1"
10	"100.00"	"100.00"	0	"MRSA"	"GCA_030288595.1_ASM3028859v1"
9	"0"	"0"	0	"MSSA"	"GCA_030288615.1_ASM3028861v1"
10	"100.00"	"0"	0	"MRSA"	"GCA_030288635.1_ASM3028863v1"
11	"100.00"	"0"	0	"MRSA"	"GCA_030288655.1_ASM3028865v1"
9	"0"	"0"	0	"MSSA"	"GCA_030288675.1_ASM3028867v1"
10	"100.00"	"0"	0	"MRSA"	"GCA_030288695.1_ASM3028869v1"
11	"100.00"	"0"	0	"MRSA"	"GCA_030288715.1_ASM3028871v1"
10	"100.00"	"100.00"	0	"MRSA"	"GCA_030288735.1_ASM3028873v1"
11	"100.00"	"0"	0	"MRSA"	"GCA_030288755.1_ASM3028875v1"
10	"100.00"	"0"	0	"MRSA"	"GCA_030288775.1_ASM3028877v1"
10	"100.00"	"0"	0	"MRSA"	"GCA_030288795.1_ASM3028879v1"
9	"100.00"	"0"	0	"MRSA"	"GCA_030288815.1_ASM3028881v1"
10	"100.00"	"0"	0	"MRSA"	"GCA_030288835.1_ASM3028883v1"
9	"100.00"	"0"	0	"MRSA"	"GCA_030288855.1_ASM3028885v1"
10	"100.00"	"0"	0	"MRSA"	"GCA_030288875.1_ASM3028887v1"
10	"100.00"	"0"	0	"MRSA"	"GCA_030288895.1_ASM3028889v1"
11	"100.00"	"100.00"	0	"MRSA"	"GCA_030288915.1_ASM3028891v1"
10	"100.00"	"0"	0	"MRSA"	"GCA_030288935.1_ASM3028893v1"
11	"100.00"	"0"	0	"MRSA"	"GCA_030288955.1_ASM3028895v1"
10	"100.00"	"0"	0	"MRSA"	"GCA_030288975.1_ASM3028897v1"
10	"100.00"	"0"	0	"MRSA"	"GCA_030288995.1_ASM3028899v1"
10	"100.00"	"0"	0	"MRSA"	"GCA_030289015.1_ASM3028901v1"
10	"100.00"	"0"	0	"MRSA"	"GCA_030289035.1_ASM3028903v1"
10	"100.00"	"0"	0	"MRSA"	"GCA_030289055.1_ASM3028905v1"
10	"100.00"	"0"	0	"MRSA"	"GCA_030289075.1_ASM3028907v1"
10	"100.00"	"0"	0	"MRSA"	"GCA_030289095.1_ASM3028909v1"
10	"100.00;100.00"	"0"	0	"MRSA"	"GCA_030289115.1_ASM3028911v1"
9	"0"	"0"	0	"MSSA"	"GCA_030289135.1_ASM3028913v1"
9	"0"	"0"	0	"MSSA"	"GCA_030289155.1_ASM3028915v1"
10	"100.00"	"0"	0	"MRSA"	"GCA_030289175.1_ASM3028917v1"
10	"100.00"	"0"	0	"MRSA"	"GCA_030289195.1_ASM3028919v1"
10	"100.00"	"0"	0	"MRSA"	"GCA_030289215.1_ASM3028921v1"
10	"100.00"	"0"	0	"MRSA"	"GCA_030289235.1_ASM3028923v1"
9	"100.00"	"0"	0	"MRSA"	"GCA_030289255.1_ASM3028925v1"
9	"100.00"	"0"	0	"MRSA"	"GCA_030289275.1_ASM3028927v1"
9	"0"	"0"	0	"MSSA"	"GCA_030289295.1_ASM3028929v1"
10	"100.00"	"0"	0	"MRSA"	"GCA_030289315.1_ASM3028931v1"
9	"100.00"	"0"	0	"MRSA"	"GCA_030289335.1_ASM3028933v1"
10	"100.00"	"0"	0	"MRSA"	"GCA_030289355.1_ASM3028935v1"
10	"100.00"	"0"	0	"MRSA"	"GCA_030289375.1_ASM3028937v1"
10	"100.00"	"100.00"	0	"MRSA"	"GCA_030289395.1_ASM3028939v1"
9	"100.00"	"0"	0	"MRSA"	"GCA_030289415.1_ASM3028941v1"
10	"100.00"	"0"	0	"MRSA"	"GCA_030289435.1_ASM3028943v1"
9	"100.00"	"0"	0	"MRSA"	"GCA_030289455.1_ASM3028945v1"
10	"100.00"	"0"	0	"MRSA"	"GCA_030289475.1_ASM3028947v1"
9	"100.00"	"0"	0	"MRSA"	"GCA_030289495.1_ASM3028949v1"
10	"100.00"	"0"	0	"MRSA"	"GCA_030289515.1_ASM3028951v1"
9	"100.00"	"0"	0	"MRSA"	"GCA_030289535.1_ASM3028953v1"
9	"100.00"	"0"	0	"MRSA"	"GCA_030289555.1_ASM3028955v1"
10	"100.00"	"0"	0	"MRSA"	"GCA_030289575.1_ASM3028957v1"
9	"99.65;100.00"	"0"	0	"MRSA"	"GCA_030289595.1_ASM3028959v1"
9	"100.00"	"0"	0	"MRSA"	"GCA_030289615.1_ASM3028961v1"
9	"100.00"	"0"	0	"MRSA"	"GCA_030289635.1_ASM3028963v1"
10	"100.00"	"100.00"	0	"MRSA"	"GCA_030289655.1_ASM3028965v1"
9	"100.00"	"0"	0	"MRSA"	"GCA_030289675.1_ASM3028967v1"
9	"100.00"	"0"	0	"MRSA"	"GCA_030289695.1_ASM3028969v1"
9	"100.00"	"0"	0	"MRSA"	"GCA_030289715.1_ASM3028971v1"
10	"100.00"	"0"	0	"MRSA"	"GCA_030289735.1_ASM3028973v1"
11	"100.00"	"0"	0	"MRSA"	"GCA_030289755.1_ASM3028975v1"
10	"100.00"	"0"	0	"MRSA"	"GCA_030289775.1_ASM3028977v1"
11	"100.00"	"0"	0	"MRSA"	"GCA_030289795.1_ASM3028979v1"
10	"100.00"	"0"	0	"MRSA"	"GCA_030289815.1_ASM3028981v1"
9	"100.00;100.00"	"0"	0	"MRSA"	"GCA_030289835.1_ASM3028983v1"
10	"100.00"	"0"	0	"MRSA"	"GCA_030289855.1_ASM3028985v1"
10	"100.00"	"0"	0	"MRSA"	"GCA_030289875.1_ASM3028987v1"
9	"0"	"0"	0	"MSSA"	"GCA_030289895.1_ASM3028989v1"
9	"100.00"	"0"	0	"MRSA"	"GCA_030289915.1_ASM3028991v1"
11	"100.00;100.00"	"100.00"	0	"MRSA"	"GCA_030289935.1_ASM3028993v1"
11	"100.00"	"0"	0	"MRSA"	"GCA_030289955.1_ASM3028995v1"
10	"100.00"	"0"	0	"MRSA"	"GCA_030289975.1_ASM3028997v1"
9	"0"	"0"	0	"MSSA"	"GCA_030289995.1_ASM3028999v1"
10	"100.00;100.00"	"0"	0	"MRSA"	"GCA_030290015.1_ASM3029001v1"
9	"100.00"	"0"	0	"MRSA"	"GCA_030290035.1_ASM3029003v1"
10	"100.00;100.00"	"0"	0	"MRSA"	"GCA_030290055.1_ASM3029005v1"
9	"0"	"0"	0	"MSSA"	"GCA_030290075.1_ASM3029007v1"
10	"100.00"	"0"	0	"MRSA"	"GCA_030290095.1_ASM3029009v1"
10	"100.00"	"0"	0	"MRSA"	"GCA_030290115.1_ASM3029011v1"
9	"0"	"0"	0	"MSSA"	"GCA_030290135.1_ASM3029013v1"
9	"100.00"	"0"	0	"MRSA"	"GCA_030290155.1_ASM3029015v1"
10	"100.00"	"0"	0	"MRSA"	"GCA_030290175.1_ASM3029017v1"
9	"0"	"0"	0	"MSSA"	"GCA_030290195.1_ASM3029019v1"
11	"100.00"	"100.00"	0	"MRSA"	"GCA_030290215.1_ASM3029021v1"
10	"100.00"	"0"	0	"MRSA"	"GCA_030290235.1_ASM3029023v1"
9	"100.00"	"0"	0	"MRSA"	"GCA_030290255.1_ASM3029025v1"
11	"100.00"	"0"	0	"MRSA"	"GCA_030290275.1_ASM3029027v1"
9	"100.00"	"0"	0	"MRSA"	"GCA_030290295.1_ASM3029029v1"
10	"100.00"	"0"	0	"MRSA"	"GCA_030290315.1_ASM3029031v1"
10	"100.00"	"0"	0	"MRSA"	"GCA_030290335.1_ASM3029033v1"
10	"100.00"	"0"	0	"MRSA"	"GCA_030290355.1_ASM3029035v1"
9	"0"	"0"	0	"MSSA"	"GCA_030290375.1_ASM3029037v1"
8	"0"	"0"	0	"MSSA"	"GCA_030290395.1_ASM3029039v1"
10	"100.00"	"0"	0	"MRSA"	"GCA_030290415.1_ASM3029041v1"
10	"100.00"	"0"	0	"MRSA"	"GCA_030290435.1_ASM3029043v1"
11	"100.00"	"0"	0	"MRSA"	"GCA_030290455.1_ASM3029045v1"
20	"100.00"	"100.00"	0	"MRSA"	"GCA_030290475.1_ASM3029047v1"
9	"0"	"0"	0	"MSSA"	"GCA_030290495.1_ASM3029049v1"
9	"100.00"	"0"	0	"MRSA"	"GCA_030290515.1_ASM3029051v1"
10	"100.00"	"0"	0	"MRSA"	"GCA_030290535.1_ASM3029053v1"
10	"100.00"	"0"	0	"MRSA"	"GCA_030290555.1_ASM3029055v1"
11	"100.00"	"0"	0	"MRSA"	"GCA_030290575.1_ASM3029057v1"
10	"100.00"	"0"	0	"MRSA"	"GCA_030290595.1_ASM3029059v1"
10	"100.00"	"0"	0	"MRSA"	"GCA_030290615.1_ASM3029061v1"
10	"100.00"	"0"	0	"MRSA"	"GCA_030290635.1_ASM3029063v1"
10	"100.00"	"0"	0	"MRSA"	"GCA_030290655.1_ASM3029065v1"
9	"0"	"0"	0	"MSSA"	"GCA_030290675.1_ASM3029067v1"
10	"100.00"	"0"	0	"MRSA"	"GCA_030290695.1_ASM3029069v1"
11	"100.00"	"0"	0	"MRSA"	"GCA_030290715.1_ASM3029071v1"
10	"100.00;100.00"	"0"	0	"MRSA"	"GCA_030290735.1_ASM3029073v1"
10	"100.00"	"100.00"	0	"MRSA"	"GCA_030290755.1_ASM3029075v1"
10	"100.00"	"0"	0	"MRSA"	"GCA_030290775.1_ASM3029077v1"
9	"100.00"	"0"	0	"MRSA"	"GCA_030290795.1_ASM3029079v1"
10	"100.00"	"0"	0	"MRSA"	"GCA_030290815.1_ASM3029081v1"
10	"100.00"	"0"	0	"MRSA"	"GCA_030290835.1_ASM3029083v1"
10	"100.00"	"0"	0	"MRSA"	"GCA_030290855.1_ASM3029085v1"
9	"100.00"	"0"	0	"MRSA"	"GCA_030290875.1_ASM3029087v1"
9	"100.00"	"0"	0	"MRSA"	"GCA_030290895.1_ASM3029089v1"
10	"100.00"	"0"	0	"MRSA"	"GCA_030290915.1_ASM3029091v1"
9	"0"	"0"	0	"MSSA"	"GCA_030290935.1_ASM3029093v1"
9	"100.00"	"0"	0	"MRSA"	"GCA_030290955.1_ASM3029095v1"
14	"100.00"	"0"	0	"MRSA"	"GCA_030290975.1_ASM3029097v1"
10	"100.00;100.00"	"0"	0	"MRSA"	"GCA_030292965.1_ASM3029296v1"
10	"100.00"	"0"	0	"MRSA"	"GCA_030293085.1_ASM3029308v1"
10	"100.00"	"0"	0	"MRSA"	"GCA_030293185.1_ASM3029318v1"
10	"100.00"	"0"	0	"MRSA"	"GCA_030293345.1_ASM3029334v1"
10	"100.00"	"0"	0	"MRSA"	"GCA_030293355.1_ASM3029335v1"
10	"100.00"	"0"	0	"MRSA"	"GCA_030293785.1_ASM3029378v1"
9	"100.00"	"0"	0	"MRSA"	"GCA_030293805.1_ASM3029380v1"
10	"100.00"	"0"	0	"MRSA"	"GCA_030293845.1_ASM3029384v1"
10	"100.00"	"0"	0	"MRSA"	"GCA_030294085.1_ASM3029408v1"
13	"100.00"	"100.00"	0	"MRSA"	"GCA_030345195.1_ASM3034519v1"
13	"100.00"	"100.00"	0	"MRSA"	"GCA_030345215.1_ASM3034521v1"
12	"100.00"	"100.00"	0	"MRSA"	"GCA_030345235.1_ASM3034523v1"
14	"0"	"100.00"	0	"MRSA"	"GCA_030408935.1_ASM3040893v1"
14	"0"	"100.00"	0	"MRSA"	"GCA_030408955.1_ASM3040895v1"
19	"100.00"	"100.00"	0	"MRSA"	"GCA_030408975.1_ASM3040897v1"
14	"0"	"100.00"	0	"MRSA"	"GCA_030408995.1_ASM3040899v1"
14	"0"	"100.00"	0	"MRSA"	"GCA_030409015.1_ASM3040901v1"
14	"0"	"100.00"	0	"MRSA"	"GCA_030409035.1_ASM3040903v1"
14	"100.00"	"100.00"	0	"MRSA"	"GCA_030435875.1_ASM3043587v1"
14	"100.00"	"100.00"	0	"MRSA"	"GCA_030439815.1_ASM3043981v1"
10	"100.00"	"0"	0	"MRSA"	"GCA_030440235.1_ASM3044023v1"
9	"0"	"0"	0	"MSSA"	"GCA_030445105.1_ASM3044510v1"
12	"0"	"100.00"	0	"MRSA"	"GCA_030533465.1_ASM3053346v1"
9	"0"	"100.00"	0	"MRSA"	"GCA_030533495.1_ASM3053349v1"
10	"99.88;99.88"	"100.00"	0	"MRSA"	"GCA_030533515.1_ASM3053351v1"
12	"100.00"	"0"	0	"MRSA"	"GCA_030533535.1_ASM3053353v1"
9	"0"	"100.00"	0	"MRSA"	"GCA_030533555.1_ASM3053355v1"
9	"0"	"100.00"	0	"MRSA"	"GCA_030533585.1_ASM3053358v1"
12	"0"	"100.00"	0	"MRSA"	"GCA_030533605.1_ASM3053360v1"
12	"100.00"	"0"	0	"MRSA"	"GCA_030533625.1_ASM3053362v1"
12	"0"	"100.00"	0	"MRSA"	"GCA_030533645.1_ASM3053364v1"
10	"100.00"	"100.00"	0	"MRSA"	"GCA_030533665.1_ASM3053366v1"
9	"100.00"	"0"	0	"MRSA"	"GCA_030533705.1_ASM3053370v1"
10	"0"	"100.00"	0	"MRSA"	"GCA_030533725.1_ASM3053372v1"
18	"100.00;100.00"	"100.00"	0	"MRSA"	"GCA_030533745.1_ASM3053374v1"
14	"100.00"	"100.00"	0	"MRSA"	"GCA_030533765.1_ASM3053376v1"
14	"100.00"	"100.00"	0	"MRSA"	"GCA_030533785.1_ASM3053378v1"
12	"0"	"100.00"	0	"MRSA"	"GCA_030533805.1_ASM3053380v1"
12	"0"	"100.00"	0	"MRSA"	"GCA_030533835.1_ASM3053383v1"
9	"0"	"100.00"	0	"MRSA"	"GCA_030533855.1_ASM3053385v1"
10	"100.00"	"100.00"	0	"MRSA"	"GCA_030533875.1_ASM3053387v1"
13	"0"	"100.00"	0	"MRSA"	"GCA_030533895.1_ASM3053389v1"
13	"0"	"100.00"	0	"MRSA"	"GCA_030533915.1_ASM3053391v1"
9	"100.00"	"0"	0	"MRSA"	"GCA_030533935.1_ASM3053393v1"
12	"0"	"0"	0	"MSSA"	"GCA_030533955.1_ASM3053395v1"
9	"0"	"0"	0	"MSSA"	"GCA_030533975.1_ASM3053397v1"
13	"100.00;99.88"	"100.00"	0	"MRSA"	"GCA_030533995.1_ASM3053399v1"
12	"0"	"100.00"	0	"MRSA"	"GCA_030534015.1_ASM3053401v1"
10	"100.00"	"0"	0	"MRSA"	"GCA_030534035.1_ASM3053403v1"
10	"100.00"	"0"	0	"MRSA"	"GCA_030534055.1_ASM3053405v1"
9	"0"	"100.00"	0	"MRSA"	"GCA_030534075.1_ASM3053407v1"
12	"0"	"100.00"	0	"MRSA"	"GCA_030534095.1_ASM3053409v1"
11	"100.00"	"0"	0	"MRSA"	"GCA_030534115.1_ASM3053411v1"
11	"0"	"100.00"	0	"MRSA"	"GCA_030534135.1_ASM3053413v1"
10	"100.00"	"0"	0	"MRSA"	"GCA_030534155.1_ASM3053415v1"
12	"100.00"	"0"	0	"MRSA"	"GCA_030534175.1_ASM3053417v1"
9	"100.00"	"0"	0	"MRSA"	"GCA_030534195.1_ASM3053419v1"
12	"0"	"0"	0	"MSSA"	"GCA_030534215.1_ASM3053421v1"
9	"0"	"100.00"	0	"MRSA"	"GCA_030534235.1_ASM3053423v1"
12	"0"	"100.00"	0	"MRSA"	"GCA_030534255.1_ASM3053425v1"
9	"0"	"0"	0	"MSSA"	"GCA_030544845.1_ASM3054484v1"
8	"0"	"0"	0	"MSSA"	"GCA_030643925.1_ASM3064392v1"
8	"0"	"0"	0	"MSSA"	"GCA_030643945.1_ASM3064394v1"
8	"0"	"0"	0	"MSSA"	"GCA_030643965.1_ASM3064396v1"
8	"0"	"0"	0	"MSSA"	"GCA_030643985.1_ASM3064398v1"
9	"0"	"0"	0	"MSSA"	"GCA_030644005.1_ASM3064400v1"
9	"0"	"0"	0	"MSSA"	"GCA_030644025.1_ASM3064402v1"
9	"0"	"0"	0	"MSSA"	"GCA_030644045.1_ASM3064404v1"
9	"0"	"0"	0	"MSSA"	"GCA_030644065.1_ASM3064406v1"
9	"0"	"0"	0	"MSSA"	"GCA_030644085.1_ASM3064408v1"
9	"0"	"0"	0	"MSSA"	"GCA_030644105.1_ASM3064410v1"
9	"0"	"0"	0	"MSSA"	"GCA_030644125.1_ASM3064412v1"
9	"0"	"0"	0	"MSSA"	"GCA_030644145.1_ASM3064414v1"
9	"0"	"0"	0	"MSSA"	"GCA_030644165.1_ASM3064416v1"
12	"100.00"	"0"	0	"MRSA"	"GCA_030717545.1_ASM3071754v1"
12	"100.00"	"0"	0	"MRSA"	"GCA_030717565.1_ASM3071756v1"
12	"100.00"	"0"	0	"MRSA"	"GCA_030717585.1_ASM3071758v1"
12	"100.00"	"0"	0	"MRSA"	"GCA_030717605.1_ASM3071760v1"
9	"0"	"0"	0	"MSSA"	"GCA_030717625.1_ASM3071762v1"
9	"0"	"0"	0	"MSSA"	"GCA_030717645.1_ASM3071764v1"
11	"100.00"	"100.00"	0	"MRSA"	"GCA_030758795.1_ASM3075879v1"
17	"100.00;100.00"	"100.00"	0	"MRSA"	"GCA_030758815.1_ASM3075881v1"
14	"100.00;99.88"	"100.00"	0	"MRSA"	"GCA_030758835.1_ASM3075883v1"
15	"100.00"	"100.00"	0	"MRSA"	"GCA_030758855.1_ASM3075885v1"
10	"0"	"0"	0	"MSSA"	"GCA_030758875.1_ASM3075887v1"
12	"0"	"0"	0	"MSSA"	"GCA_030758895.1_ASM3075889v1"
12	"0"	"0"	0	"MSSA"	"GCA_030758915.1_ASM3075891v1"
17	"100.00"	"100.00"	0	"MRSA"	"GCA_031190615.1_ASM3119061v1"
14	"100.00"	"100.00"	0	"MRSA"	"GCA_031326145.1_ASM3132614v1"
9	"100.00"	"0"	0	"MRSA"	"GCA_031582925.1_ASM3158292v1"
10	"100.00"	"0"	0	"MRSA"	"GCA_031583105.1_ASM3158310v1"
15	"100.00;100.00"	"100.00"	0	"MRSA"	"GCA_031826655.1_ASM3182665v1"
12	"100.00"	"100.00"	0	"MRSA"	"GCA_031826815.1_ASM3182681v1"
16	"0"	"100.00"	0	"MRSA"	"GCA_031826835.1_ASM3182683v1"
9	"100.00"	"0"	0	"MRSA"	"GCA_031878535.1_ASM3187853v1"
12	"100.00"	"0"	0	"MRSA"	"GCA_031879475.1_ASM3187947v1"
11	"100.00"	"0"	0	"MRSA"	"GCA_032077755.1_ASM3207775v1"
9	"0"	"0"	0	"MSSA"	"GCA_032764935.1_ASM3276493v1"
9	"0"	"0"	0	"MSSA"	"GCA_032765935.1_ASM3276593v1"
13	"0"	"100.00"	0	"MRSA"	"GCA_032808505.1_ASM3280850v1"
13	"0"	"100.00"	0	"MRSA"	"GCA_032809245.1_ASM3280924v1"
9	"100.00"	"0"	0	"MRSA"	"GCA_033061535.1_ASM3306153v1"
11	"100.00"	"0"	0	"MRSA"	"GCA_033442285.1_ASM3344228v1"
10	"100.00"	"0"	0	"MRSA"	"GCA_033442305.1_ASM3344230v1"
10	"0"	"0"	0	"MSSA"	"GCA_033442405.1_ASM3344240v1"
10	"100.00"	"0"	0	"MRSA"	"GCA_033443145.1_ASM3344314v1"
10	"0"	"0"	0	"MSSA"	"GCA_033443425.1_ASM3344342v1"
11	"100.00"	"0"	0	"MRSA"	"GCA_033443465.1_ASM3344346v1"
8	"0"	"0"	0	"MSSA"	"GCA_033443645.1_ASM3344364v1"
8	"0"	"0"	0	"MSSA"	"GCA_033443705.1_ASM3344370v1"
10	"100.00"	"0"	0	"MRSA"	"GCA_033444245.1_ASM3344424v1"
14	"0"	"100.00"	0	"MRSA"	"GCA_033444505.1_ASM3344450v1"
9	"0"	"0"	0	"MSSA"	"GCA_033444565.1_ASM3344456v1"
9	"0"	"0"	0	"MSSA"	"GCA_033444605.1_ASM3344460v1"
10	"0"	"0"	0	"MSSA"	"GCA_033444825.1_ASM3344482v1"
10	"0"	"0"	0	"MSSA"	"GCA_033445065.1_ASM3344506v1"
15	"100.00"	"100.00"	0	"MRSA"	"GCA_033445445.1_ASM3344544v1"
11	"100.00"	"0"	0	"MRSA"	"GCA_033445905.1_ASM3344590v1"
8	"0"	"0"	0	"MSSA"	"GCA_033445925.1_ASM3344592v1"
10	"100.00"	"0"	0	"MRSA"	"GCA_033445945.1_ASM3344594v1"
9	"0"	"0"	0	"MSSA"	"GCA_033445965.1_ASM3344596v1"
8	"0"	"0"	0	"MSSA"	"GCA_033798685.1_ASM3379868v1"
9	"0"	"0"	0	"MSSA"	"GCA_033798745.1_ASM3379874v1"
9	"0"	"0"	0	"MSSA"	"GCA_033798765.1_ASM3379876v1"
9	"0"	"0"	0	"MSSA"	"GCA_033798785.1_ASM3379878v1"
11	"100.00"	"100.00"	0	"MRSA"	"GCA_033802645.1_ASM3380264v1"
15	"100.00"	"100.00"	0	"MRSA"	"GCA_033808255.1_ASM3380825v1"
10	"100.00"	"0"	0	"MRSA"	"GCA_034013695.1_ASM3401369v1"
10	"100.00"	"0"	0	"MRSA"	"GCA_034014015.1_ASM3401401v1"
10	"100.00"	"0"	0	"MRSA"	"GCA_034014575.1_ASM3401457v1"
9	"0"	"0"	0	"MSSA"	"GCA_034015615.1_ASM3401561v1"
10	"100.00"	"0"	0	"MRSA"	"GCA_034016595.1_ASM3401659v1"
10	"100.00"	"0"	0	"MRSA"	"GCA_034017875.1_ASM3401787v1"
10	"100.00"	"0"	0	"MRSA"	"GCA_034020215.1_ASM3402021v1"
10	"100.00"	"0"	0	"MRSA"	"GCA_034022875.1_ASM3402287v1"
10	"100.00"	"0"	0	"MRSA"	"GCA_034023835.1_ASM3402383v1"
10	"100.00"	"0"	0	"MRSA"	"GCA_034024715.1_ASM3402471v1"
10	"99.05"	"0"	0	"MRSA"	"GCA_034028035.1_ASM3402803v1"
10	"100.00"	"0"	0	"MRSA"	"GCA_034028795.1_ASM3402879v1"
10	"100.00"	"0"	0	"MRSA"	"GCA_034029575.1_ASM3402957v1"
10	"100.00"	"0"	0	"MRSA"	"GCA_034032775.1_ASM3403277v1"
10	"100.00"	"0"	0	"MRSA"	"GCA_034033475.1_ASM3403347v1"
10	"100.00"	"0"	0	"MRSA"	"GCA_034034275.1_ASM3403427v1"
10	"100.00"	"0"	0	"MRSA"	"GCA_034035055.1_ASM3403505v1"
10	"100.00"	"0"	0	"MRSA"	"GCA_034035835.1_ASM3403583v1"
9	"0"	"0"	0	"MSSA"	"GCA_034036855.1_ASM3403685v1"
10	"100.00"	"0"	0	"MRSA"	"GCA_034040575.1_ASM3404057v1"
10	"100.00"	"0"	0	"MRSA"	"GCA_034041215.1_ASM3404121v1"
9	"0"	"0"	0	"MSSA"	"GCA_034042675.1_ASM3404267v1"
10	"100.00"	"0"	0	"MRSA"	"GCA_034042695.1_ASM3404269v1"
10	"100.00"	"0"	0	"MRSA"	"GCA_034042795.1_ASM3404279v1"
10	"100.00"	"0"	0	"MRSA"	"GCA_034042835.1_ASM3404283v1"
10	"100.00"	"0"	0	"MRSA"	"GCA_034042875.1_ASM3404287v1"
12	"100.00"	"0"	0	"MRSA"	"GCA_034042935.1_ASM3404293v1"
12	"100.00"	"0"	0	"MRSA"	"GCA_034042955.1_ASM3404295v1"
11	"100.00"	"0"	0	"MRSA"	"GCA_034042995.1_ASM3404299v1"
12	"100.00"	"0"	0	"MRSA"	"GCA_034043015.1_ASM3404301v1"
12	"100.00"	"0"	0	"MRSA"	"GCA_034043035.1_ASM3404303v1"
10	"100.00"	"0"	0	"MRSA"	"GCA_034043055.1_ASM3404305v1"
10	"100.00"	"0"	0	"MRSA"	"GCA_034043075.1_ASM3404307v1"
11	"100.00"	"0"	0	"MRSA"	"GCA_034043095.1_ASM3404309v1"
11	"100.00"	"0"	0	"MRSA"	"GCA_034043115.1_ASM3404311v1"
10	"100.00"	"0"	0	"MRSA"	"GCA_034043175.1_ASM3404317v1"
10	"100.00"	"0"	0	"MRSA"	"GCA_034043195.1_ASM3404319v1"
10	"100.00"	"0"	0	"MRSA"	"GCA_034043215.1_ASM3404321v1"
10	"100.00"	"0"	0	"MRSA"	"GCA_034043235.1_ASM3404323v1"
10	"100.00"	"0"	0	"MRSA"	"GCA_034043255.1_ASM3404325v1"
10	"100.00"	"0"	0	"MRSA"	"GCA_034043275.1_ASM3404327v1"
10	"100.00"	"0"	0	"MRSA"	"GCA_034043295.1_ASM3404329v1"
10	"100.00"	"0"	0	"MRSA"	"GCA_034043315.1_ASM3404331v1"
10	"100.00"	"0"	0	"MRSA"	"GCA_034043395.1_ASM3404339v1"
10	"100.00"	"0"	0	"MRSA"	"GCA_034043415.1_ASM3404341v1"
10	"100.00"	"0"	0	"MRSA"	"GCA_034357665.1_ASM3435766v1"
10	"100.00"	"0"	0	"MRSA"	"GCA_034421975.1_ASM3442197v1"
11	"100.00;99.88"	"100.00"	0	"MRSA"	"GCA_034422035.1_ASM3442203v1"
9	"0"	"0"	0	"MSSA"	"GCA_034422095.1_ASM3442209v1"
10	"100.00"	"0"	0	"MRSA"	"GCA_034479795.1_ASM3447979v1"
14	"0"	"100.00"	0	"MRSA"	"GCA_034661335.1_ASM3466133v1"
12	"100.00"	"100.00"	0	"MRSA"	"GCA_034809525.1_ASM3480952v1"
15	"100.00;100.00"	"100.00"	0	"MRSA"	"GCA_034809545.1_ASM3480954v1"
11	"99.53"	"99.75"	0	"MRSA"	"GCA_035515175.1_ASM3551517v1"
9	"0"	"0"	0	"MSSA"	"GCA_036490635.1_ASM3649063v1"
9	"100.00"	"0"	0	"MRSA"	"GCA_036492515.1_ASM3649251v1"
16	"0"	"100.00"	0	"MRSA"	"GCA_036670045.1_ASM3667004v1"
10	"100.00;100.00"	"0"	0	"MRSA"	"GCA_036670055.1_ASM3667005v1"
9	"100.00"	"0"	0	"MRSA"	"GCA_036670065.1_ASM3667006v1"
9	"100.00"	"0"	0	"MRSA"	"GCA_036670075.1_ASM3667007v1"
11	"100.00"	"0"	0	"MRSA"	"GCA_036670105.1_ASM3667010v1"
10	"100.00"	"0"	0	"MRSA"	"GCA_036670115.1_ASM3667011v1"
8	"0"	"0"	0	"MSSA"	"GCA_036670125.1_ASM3667012v1"
8	"0"	"0"	0	"MSSA"	"GCA_036670135.1_ASM3667013v1"
10	"100.00"	"0"	0	"MRSA"	"GCA_036670145.1_ASM3667014v1"
8	"0"	"0"	0	"MSSA"	"GCA_036898235.1_ASM3689823v1"
19	"100.00"	"100.00"	0	"MRSA"	"GCA_037039295.1_ASM3703929v1"
19	"100.00"	"93.52"	0	"MRSA"	"GCA_037039325.1_ASM3703932v1"
19	"100.00"	"100.00"	0	"MRSA"	"GCA_037039335.1_ASM3703933v1"
12	"100.00"	"100.00"	0	"MRSA"	"GCA_037076495.1_ASM3707649v1"
12	"100.00"	"100.00"	0	"MRSA"	"GCA_037076505.1_ASM3707650v1"
12	"100.00;100.00"	"100.00"	0	"MRSA"	"GCA_037076515.1_ASM3707651v1"
10	"0"	"100.00"	0	"MRSA"	"GCA_037076575.1_ASM3707657v1"
8	"0"	"0"	0	"MSSA"	"GCA_900004855.1_BB155"
12	"100.00"	"100.00"	0	"MRSA"	"GCA_900017775.1_NZAK3"
9	"0"	"0"	0	"MSSA"	"GCA_900092595.1_Sa_Newman_UoM"
9	"100.00"	"0"	0	"MRSA"	"GCA_900096745.1_AUS0325"
13	"100.00"	"100.00"	0	"MRSA"	"GCA_900129335.1_PP_HGAG_QV30_2SC_T4"
12	"99.76"	"100.00"	0	"MRSA"	"GCA_900155335.1_NZ15MR0322"
9	"0"	"0"	0	"MSSA"	"GCA_900323905.1_24117-WT"
8	"0"	"0"	0	"MSSA"	"GCA_900323925.1_1549-WT"
8	"0"	"0"	0	"MSSA"	"GCA_900323955.1_1549-REV"
8	"0"	"0"	0	"MSSA"	"GCA_900323965.1_1549-SCV"
9	"0"	"0"	0	"MSSA"	"GCA_900324045.1_24117-REV"
9	"0"	"0"	0	"MSSA"	"GCA_900324065.1_24117-SCV"
12	"100.00"	"100.00"	0	"MRSA"	"GCA_900324205.1_1_1439"
15	"100.00"	"100.00"	0	"MRSA"	"GCA_900324215.1_3_LA_115"
15	"100.00"	"100.00"	0	"MRSA"	"GCA_900324225.1_7_4623"
13	"100.00"	"100.00"	0	"MRSA"	"GCA_900324235.1_5_3949"
15	"100.00"	"100.00"	0	"MRSA"	"GCA_900324245.1_8_LA_272"
15	"100.00"	"100.00"	0	"MRSA"	"GCA_900324255.1_2_LA_86"
15	"100.00"	"100.00"	0	"MRSA"	"GCA_900324265.1_9_LA_281"
13	"100.00"	"100.00"	0	"MRSA"	"GCA_900324275.1_6_LA_232"
12	"100.00"	"100.00"	0	"MRSA"	"GCA_900324285.1_4_LA_208"
13	"100.00"	"100.00"	0	"MRSA"	"GCA_900324295.1_16_LA_309"
15	"100.00"	"100.00"	0	"MRSA"	"GCA_900324305.1_13_LA_301"
12	"100.00"	"100.00"	0	"MRSA"	"GCA_900324315.1_12_LA_293"
15	"100.00"	"100.00"	0	"MRSA"	"GCA_900324325.1_14_5418"
12	"0"	"100.00"	0	"MRSA"	"GCA_900324335.1_15_LA_305"
13	"100.00"	"100.00"	0	"MRSA"	"GCA_900324345.1_17_LA_343"
12	"100.00"	"100.00"	0	"MRSA"	"GCA_900324355.1_10_5235"
15	"100.00"	"100.00"	0	"MRSA"	"GCA_900324365.1_19_LA_388"
15	"100.00"	"100.00"	0	"MRSA"	"GCA_900324385.1_20_LA_415"
15	"100.00"	"100.00"	0	"MRSA"	"GCA_900324405.1_21_LA_436"
13	"100.00"	"100.00"	0	"MRSA"	"GCA_900324415.1_22_LA_562"
16	"0"	"100.00"	0	"MRSA"	"GCA_900474525.1_40677_F01"
8	"0"	"0"	0	"MSSA"	"GCA_900474535.1_40853_C01"
9	"0"	"0"	0	"MSSA"	"GCA_900474555.1_40657_E01"
8	"0"	"0"	0	"MSSA"	"GCA_900474565.1_41315_B01"
18	"100.00"	"100.00"	0	"MRSA"	"GCA_900474575.1_40415_F02"
8	"0"	"0"	0	"MSSA"	"GCA_900474665.1_41236_D02"
8	"0"	"0"	0	"MSSA"	"GCA_900474675.1_40961_F01"
8	"0"	"0"	0	"MSSA"	"GCA_900474695.1_41004_B01"
9	"0"	"0"	0	"MSSA"	"GCA_900474715.1_41004_D01"
17	"0"	"100.00"	0	"MRSA"	"GCA_900474725.1_40677_A01"
15	"100.00"	"100.00"	0	"MRSA"	"GCA_900474735.1_40871_F01"
8	"0"	"0"	0	"MSSA"	"GCA_900474755.1_41236_E02"
12	"100.00"	"0"	0	"MRSA"	"GCA_900475055.1_42197_E02"
9	"0"	"0"	0	"MSSA"	"GCA_900475245.1_43024_E01"
15	"100.00"	"100.00"	0	"MRSA"	"GCA_900478245.1_35910_A02"
19	"100.00"	"100.00"	0	"MRSA"	"GCA_900607245.1_JKD6009"
19	"100.00"	"100.00"	0	"MRSA"	"GCA_900607255.1_BPH2019"
20	"100.00"	"100.00"	0	"MRSA"	"GCA_900607265.1_BPH2003"
18	"100.00"	"100.00"	0	"MRSA"	"GCA_900607275.1_BPH2070"
18	"100.00"	"100.00"	0	"MRSA"	"GCA_900607285.1_BPH3244"
19	"100.00"	"100.00"	0	"MRSA"	"GCA_900607295.1_BPH2869"
21	"100.00"	"100.00"	0	"MRSA"	"GCA_900607305.1_BPH2056"
9	"100.00"	"0"	0	"MRSA"	"GCA_900620215.1_BPH2760"
10	"100.00"	"0"	0	"MRSA"	"GCA_900620225.1_BPH2819"
11	"100.00"	"100.00"	0	"MRSA"	"GCA_900620235.1_BPH2900"
21	"100.00"	"100.00"	0	"MRSA"	"GCA_900620245.1_BPH2947"
15	"100.00"	"100.00"	0	"MRSA"	"GCA_900620255.1_BPH2986"
9	"0"	"0"	0	"MSSA"	"GCA_900635095.1_33763_A01"
10	"100.00"	"100.00"	0	"MRSA"	"GCA_900635245.1_40415_C02"
10	"0"	"0"	99.95	"MRSA"	"GCA_900635255.1_40415_D02"
11	"0"	"100.00"	0	"MRSA"	"GCA_900635265.1_40574_H02"
8	"0"	"0"	0	"MSSA"	"GCA_900635275.1_40757_D01"
8	"0"	"0"	0	"MSSA"	"GCA_900635285.1_40677_B02"
8	"0"	"0"	0	"MSSA"	"GCA_900635305.1_40961_G01"
9	"0"	"0"	0	"MSSA"	"GCA_900635315.1_41255_H01"
10	"100.00"	"0"	0	"MRSA"	"GCA_900635335.1_41556_G01"
8	"0"	"0"	0	"MSSA"	"GCA_900635505.1_3012STDY6191362"
10	"100.00"	"100.00"	0	"MRSA"	"GCA_900635905.1_35910_F01"
9	"0"	"0"	0	"MSSA"	"GCA_900636335.1_40798_F01"
9	"0"	"0"	0	"MSSA"	"GCA_900636695.1_43874_B01"
11	"100.00"	"0"	0	"MRSA"	"GCA_900637155.1_49386_H02"
15	"0"	"100.00"	0	"MRSA"	"GCA_903932595.1_P3.1"
15	"0"	"100.00"	0	"MRSA"	"GCA_903932605.1_HU-14"
14	"0"	"100.00"	0	"MRSA"	"GCA_947034825.1_ST20190863"
9	"0"	"0"	0	"MSSA"	"GCA_951217025.1_Sa_BGR_NF1_PW.1"
